1	1702863
2009	1457043
2	1338375
3	985006
2008	892604
5	781613
4	759711
10	621025
2010	591335
0	568247
2007	546035
6	526359
7	508711
8	443025
9	381135
20	349103
12	334516
2006	332000
15	304559
30	290731
11	276497
100	257013
18	244293
2005	237844
25	231168
14	228815
13	227207
24	225545
16	215624
17	191893
50	190806
21	181754
22	175274
19	173928
2004	169383
23	156420
2003	146522
26	144441
28	143640
27	139265
2000	138999
29	130083
40	117558
31	110711
2002	110457
2001	97700
60	90034
2.0	76433
1999	70694
200	68297
500	65613
35	64955
32	62033
80	61934
90	61219
1998	60443
0.0	60144
45	56463
70	56026
1997	54273
36	52613
33	50269
360	49385
1996	48641
48	48185
44	48048
75	47575
34	46194
300	45615
1995	44996
37	42340
42	41441
39	40448
38	40158
1.0	38256
1000	37183
41	36563
1994	36483
55	36378
150	35621
43	35492
65	35375
49	35137
400	33691
46	33214
250	32389
95	32295
64	31668
52	31501
47	31467
3.0	31355
101	31292
1993	31151
51	30529
99	30249
1990	29842
1992	29769
1.5	29402
0.5	28626
5.0	28412
54	27444
2.5	27357
0.1	27252
120	27147
1991	26658
56	26470
53	25681
72	25318
98	24913
61	24806
800	24735
66	24649
85	24365
1989	23843
59	23823
58	23620
57	23562
600	22424
62	21977
3.5	21622
69	21445
63	21158
1988	20881
68	20464
0.2	19926
67	19890
700	19818
1987	19375
1986	19115
4.0	19095
74	19023
88	18926
78	18908
110	18782
2011	18682
96	18680
77	18658
71	18471
1980	18180
1984	18071
84	18009
86	17970
76	17923
1985	17863
97	17842
82	17829
91	17508
73	17500
81	17013
79	16942
92	16911
93	16719
94	16605
125	16555
89	16381
0.3	16297
83	16177
87	16134
1.1	15810
2012	15597
1983	15465
1982	14825
106	14653
1981	14587
180	14521
1.2	14443
1970	14392
350	14340
140	14321
160	14310
1979	13966
130	13693
4.5	13670
105	13431
1978	13046
1976	12716
-1	12688
1977	12480
102	12423
1973	12265
1969	12054
1975	11942
104	11906
6.0	11878
1968	11866
128	11762
1972	11681
1974	11665
2257	11578
1.3	11560
103	11478
900	11384
0.4	11382
1500	11197
2.1	11130
3000	11081
107	11041
0.8	10966
1971	10936
109	10764
1960	10736
111	10676
115	10665
108	10657
112	10647
7.0	10572
10.0	10319
1967	10317
123	10158
1.6	10090
-5	10043
5000	9951
1.4	9647
1965	9446
2.2	9403
1964	9343
1950	9287
911	9235
240	9160
2.4	9131
1920	9101
7.5	9036
170	8995
1966	8982
114	8969
6.5	8888
5.5	8874
0.6	8802
121	8750
220	8722
116	8680
0.01	8673
135	8670
117	8652
113	8564
118	8526
-2	8517
3.1	8398
1963	8324
1.8	8311
450	8305
1200	8286
inf	8280
119	8240
122	8186
175	8106
3.2	8037
5.1	7917
-4	7828
1962	7825
750	7788
0.9	7683
124	7657
127	7637
8.5	7634
131	7535
145	7523
4.1	7513
210	7451
320	7442
1900	7433
-7	7416
2.3	7373
129	7354
8.0	7333
201	7276
1961	7255
126	7214
365	7149
144	7127
1800	7089
132	7025
0.05	7025
1940	7009
192	7000
190	6942
4.2	6928
0.7	6922
1945	6870
-3	6833
4.3	6748
133	6745
1959	6741
165	6737
225	6735
136	6733
1948	6661
155	6655
3.3	6644
143	6617
134	6600
230	6584
149	6580
256	6578
141	6519
1.7	6490
151	6350
401	6344
138	6293
137	6289
1946	6285
199	6234
1958	6214
1957	6200
501	6196
142	6174
1930	6148
9.0	6125
1956	6109
139	6103
152	6078
3.6	6020
19.95	6016
202	6004
100.0	5974
148	5960
1955	5957
650	5930
2.8	5871
2.7	5856
2500	5834
146	5817
1954	5805
168	5764
2.6	5760
3.4	5759
147	5741
161	5737
205	5723
260	5690
9.99	5687
550	5665
-6	5651
156	5586
154	5579
158	5574
1953	5562
1947	5509
185	5508
182	5456
1600	5438
280	5414
212	5391
1939	5386
153	5382
1942	5377
4000	5365
1949	5360
1952	5354
169	5352
1944	5344
215	5339
1941	5305
163	5296
1300	5268
159	5266
206	5233
208	5223
270	5217
480	5187
176	5182
-8	5182
157	5150
166	5134
4.6	5123
411	5118
3.8	5100
164	5095
1.9	5069
9.5	5063
1951	5049
162	5031
330	5014
179	5009
4.4	5002
301	4993
802.11	4992
204	4961
20.0	4945
1100	4941
172	4920
1943	4906
4.99	4904
203	4904
15.0	4902
50.0	4895
167	4876
174	4872
177	4861
195	4858
207	4853
0.25	4852
178	4838
255	4811
171	4797
187	4758
173	4733
404	4730
181	4694
275	4688
184	4685
189	4681
25.0	4679
264	4670
310	4669
188	4667
4.7	4656
-500	4586
420	4551
10.5	4525
222	4521
325	4520
183	4510
3.7	4498
1937	4495
6.1	4465
1933	4453
29.95	4453
211	4435
219	4429
-9	4421
1938	4377
186	4374
512	4371
235	4358
224	4356
1934	4354
1936	4342
4.8	4333
191	4313
299	4251
216	4228
5.3	4210
214	4172
196	4145
1918	4141
5.2	4135
1929	4132
1024	4119
9.95	4119
1910	4117
209	4104
197	4103
1935	4088
302	4037
0.99	4026
221	4022
198	4018
845	3957
213	3954
218	3937
193	3926
194	3901
340	3901
1917	3897
12.5	3873
19.99	3862
223	3838
304	3812
850	3806
1913	3801
234	3796
7.1	3795
3.9	3794
290	3790
305	3789
1932	3777
1901	3775
245	3763
7.3	3762
1911	3745
217	3713
-10	3709
226	3695
1.99	3690
2.9	3683
1850	3665
233	3636
1880	3613
6000	3603
1914	3597
232	3593
12.0	3591
6.3	3581
243	3576
228	3574
229	3560
1928	3550
249	3546
2020	3540
231	3537
1919	3536
14.95	3532
-700	3521
0.02	3500
0.001	3498
1915	3483
265	3479
30.0	3465
303	3451
1925	3441
1400	3430
333	3419
1912	3418
227	3418
311	3411
410	3408
375	3400
380	3394
1931	3380
430	3371
285	3356
273	3354
7.2	3350
247	3334
242	3293
0.75	3290
251	3289
1927	3279
315	3271
425	3267
440	3266
1923	3261
40.0	3251
295	3246
252	3243
5.4	3228
262	3218
263	3211
1922	3207
253	3206
353	3201
237	3201
1.25	3195
720	3192
244	3188
1916	3181
1926	3180
768	3173
254	3171
6.2	3171
370	3170
1924	3161
248	3139
236	3138
279	3132
4.9	3128
241	3128
238	3128
239	3109
308	3093
9000	3082
640	3080
246	3075
272	3056
1890	3051
1908	3049
288	3048
1921	3047
312	3046
14.99	3041
281	3039
8.1	3033
307	3019
306	3017
405	3002
888	2993
277	2992
8.3	2991
1700	2989
321	2985
1860	2979
510	2945
1905	2945
269	2917
266	2915
8000	2914
399	2905
3500	2903
268	2900
323	2900
316	2891
1909	2885
271	2876
276	2872
258	2866
499	2863
10.1	2863
278	2862
261	2860
1870	2852
1906	2852
10.2	2848
29.99	2843
5.7	2834
5.6	2832
274	2827
460	2824
1888	2823
317	2814
520	2807
701	2804
282	2799
267	2798
289	2797
388	2795
5.8	2793
309	2791
7.4	2789
385	2786
9.1	2782
313	2781
1865	2781
24.95	2768
284	2766
259	2762
1001	2761
1903	2758
283	2736
257	2734
1907	2734
75.0	2727
-400	2718
287	2716
3.99	2700
345	2693
1904	2692
351	2692
293	2692
403	2687
540	2640
324	2635
292	2635
286	2628
-800	2628
318	2624
314	2621
415	2613
-12	2609
9.3	2606
35.0	2604
322	2596
335	2585
352	2582
390	2578
319	2569
999	2563
39.95	2557
950	2557
0.15	2555
2015	2552
1861	2544
530	2541
2013	2537
10.3	2536
-20	2530
45.0	2520
328	2519
355	2514
294	2506
11.5	2506
17.5	2499
291	2488
336	2487
402	2487
349	2483
296	2480
-11	2477
1902	2472
620	2467
1863	2458
490	2453
2.99	2451
359	2448
7000	2442
358	2436
1898	2424
5.9	2421
525	2420
610	2415
395	2412
332	2411
1862	2409
6.4	2407
0.03	2405
49.99	2390
297	2387
914	2383
6.8	2376
1899	2367
1864	2367
408	2365
55.0	2364
680	2361
2600	2355
331	2348
298	2345
343	2341
1896	2332
326	2331
6.6	2330
1895	2324
356	2317
327	2313
1881	2309
341	2292
1840	2285
601	2278
8.2	2275
11.0	2274
505	2271
451	2270
329	2267
407	2263
406	2261
560	2260
412	2251
39.99	2251
357	2250
7.99	2249
99.9	2248
470	2247
12.99	2246
6.7	2241
508	2237
342	2236
504	2234
1891	2218
339	2215
354	2211
424	2210
419	2209
334	2201
7.6	2201
599	2190
337	2186
4.95	2174
1889	2163
nan	2159
555	2158
60.0	2157
414	2157
2100	2157
2200	2149
10.4	2149
454	2146
435	2138
361	2138
338	2136
660	2136
870	2136
5.95	2136
384	2134
9.2	2128
416	2127
5.99	2119
1892	2116
1893	2092
369	2089
344	2087
10000	2082
0.12	2074
1897	2073
502	2073
1871	2070
2400	2070
347	2069
427	2067
444	2064
2.25	2058
377	2056
495	2054
1885	2050
49.95	2049
630	2048
348	2041
666	2034
421	2029
386	2028
6.99	2027
0.11	2027
13.5	2023
580	2022
409	2021
372	2015
777	2015
0.04	2010
-14	2007
432	2004
1872	1997
1886	1997
366	1995
1830	1989
1875	1988
1894	1986
362	1981
364	1976
371	1973
90210	1971
475	1971
413	1970
515	1962
346	1960
422	1945
455	1942
24.99	1941
368	1933
570	1929
0.08	1928
0.45	1928
529	1920
373	1913
417	1910
1876	1910
363	1906
2014	1895
8.4	1888
379	1886
1812	1886
14.0	1883
1887	1882
429	1878
1867	1877
1080	1871
12.1	1866
367	1857
418	1857
625	1855
391	1842
503	1838
0.22	1836
7.8	1833
1280	1826
1882	1825
445	1824
1884	1821
1866	1819
431	1818
434	1803
0.06	1801
18.0	1801
3200	1794
383	1790
1868	1790
428	1790
6.9	1785
1883	1784
389	1776
11.1	1776
392	1775
509	1774
1851	1769
449	1768
456	1761
1.75	1761
426	1761
378	1756
740	1756
381	1755
511	1753
376	1748
423	1748
442	1746
9700	1746
2030	1744
506	1743
441	1743
699	1737
382	1737
575	1736
5800	1735
1869	1733
398	1731
396	1729
605	1728
-15	1727
488	1722
1848	1722
1878	1721
1879	1720
1874	1719
7.7	1717
485	1716
14.5	1712
457	1709
0.18	1708
1877	1705
374	1703
447	1703
1776	1700
8.99	1698
710	1693
1873	1690
1854	1689
436	1687
-600	1684
12.95	1682
8.8	1680
433	1679
808	1677
787	1675
99.99	1674
760	1672
925	1664
801	1654
397	1654
65.0	1653
535	1646
1.01	1642
1857	1641
393	1640
1859	1640
443	1639
387	1638
1250	1633
8.6	1632
6.95	1631
10.6	1628
438	1627
675	1624
1752	1621
448	1619
730	1617
468	1616
8.9	1613
200.0	1612
1855	1609
602	1609
478	1605
604	1601
7.9	1601
16.5	1593
514	1590
844	1590
1820	1588
465	1587
477	1586
1050	1581
518	1580
770	1575
464	1575
9.8	1574
462	1572
500.0	1570
507	1566
901	1566
9.4	1566
603	1562
606	1553
9.6	1553
452	1552
394	1552
16.0	1549
1856	1548
810	1540
960	1537
0.14	1533
615	1531
707	1531
1858	1531
437	1530
-13	1529
612	1523
37.5	1522
-18	1520
150.0	1519
516	1517
11.99	1517
472	1517
747	1516
479	1513
704	1513
590	1510
486	1507
458	1507
545	1506
9.7	1504
471	1503
780	1496
12.3	1496
469	1495
711	1493
611	1489
0.13	1487
1234	1482
13.0	1482
2016	1480
453	1476
533	1475
15.4	1467
1845	1467
2050	1465
446	1464
439	1461
521	1460
0.16	1459
626	1458
1849	1458
11.3	1457
1837	1456
522	1456
1835	1455
1853	1450
467	1449
527	1449
1031	1446
670	1444
0.07	1444
461	1442
705	1442
513	1437
609	1436
595	1435
0.17	1433
871	1432
494	1430
4500	1428
1852	1428
880	1426
459	1424
528	1418
9.9	1416
1844	1415
1810	1410
476	1410
702	1409
820	1408
990	1408
466	1406
473	1405
-30	1401
920	1397
11.2	1396
8.7	1394
1841	1390
551	1386
628	1385
690	1384
519	1383
532	1383
2.95	1382
607	1380
483	1378
549	1375
1846	1374
484	1373
1010	1373
608	1369
971	1369
524	1362
10.8	1361
18.5	1359
3.75	1357
623	1354
930	1353
482	1351
489	1351
567	1351
-17	1350
34.95	1350
725	1349
0.09	1348
1040	1348
491	1345
645	1343
576	1342
1834	1340
1836	1337
552	1337
1815	1337
3600	1335
481	1335
614	1333
1832	1331
1825	1328
517	1325
940	1323
20036	1322
7.95	1322
70.0	1321
463	1320
1847	1319
830	1318
2300	1317
15.5	1314
1.05	1311
2.75	1310
910	1309
0.35	1307
565	1305
5500	1304
541	1302
1750	1302
474	1299
840	1298
1839	1295
-40	1295
497	1293
815	1292
1843	1292
8800	1292
635	1289
523	1287
665	1285
585	1284
775	1282
16.99	1281
727	1279
492	1279
1225	1278
12.2	1278
99.0	1277
496	1276
1789	1272
498	1270
3.25	1269
1842	1266
8.95	1261
613	1257
-16	1257
1833	1256
649	1256
531	1253
487	1252
1803	1251
703	1251
16.95	1250
13.3	1250
300.0	1246
3.95	1245
0.95	1245
1790	1244
561	1242
526	1242
618	1238
543	1237
4.25	1233
655	1233
616	1231
536	1229
562	1229
-21	1227
799	1226
493	1226
619	1225
790	1222
877	1222
1801	1221
17.0	1221
737	1214
17.99	1213
538	1212
633	1212
0.21	1211
667	1210
1111	1210
5.25	1206
695	1204
617	1204
802	1202
559	1201
622	1200
1829	1200
624	1199
586	1197
59.99	1196
706	1195
715	1192
539	1192
1838	1191
0.33	1187
544	1187
542	1186
22.5	1181
818	1179
14.1	1179
860	1177
24.0	1172
1828	1170
866	1170
571	1169
-22	1167
400.0	1166
568	1161
825	1159
13.99	1158
652	1155
553	1151
582	1150
19.0	1148
0.002	1147
644	1146
574	1145
656	1144
755	1143
534	1141
632	1140
757	1139
646	1139
537	1137
1831	1136
3300	1134
6500	1134
577	1134
1818	1133
563	1132
621	1132
10.99	1125
554	1120
2800	1119
1775	1119
995	1114
1099	1114
546	1113
1821	1112
875	1111
548	1109
99.8	1107
718	1106
642	1106
641	1106
651	1104
564	1104
0.0001	1102
44636	1100
638	1098
812	1097
594	1093
631	1092
636	1089
708	1085
0.24	1083
566	1083
1814	1082
587	1082
556	1081
558	1080
592	1079
15.99	1079
573	1074
912	1074
634	1071
714	1070
661	1067
22.0	1066
899	1065
629	1065
588	1063
581	1063
569	1061
1819	1059
19.5	1059
852	1059
1440	1058
-25	1057
1787	1054
1824	1053
547	1053
589	1053
591	1053
805	1052
250.0	1052
557	1050
80.0	1049
745	1048
17.95	1044
584	1042
579	1042
0.19	1041
572	1040
578	1036
722	1036
1.02	1035
659	1034
980	1033
598	1031
597	1030
0.38	1028
639	1022
664	1022
1150	1021
902	1021
721	1020
3100	1020
681	1016
709	1015
0.23	1010
583	1009
654	1009
662	1008
4.75	1007
0.32	1005
15.6	1004
593	1004
637	1002
813	1000
713	996
767	996
668	995
0.28	993
735	992
678	991
717	990
7500	989
0.26	988
643	986
672	986
99.5	985
1823	985
915	983
685	982
676	980
14.4	980
1650	980
2700	980
90.0	979
719	978
0.36	977
1809	976
-23	976
716	976
627	974
671	974
806	974
1792	972
1350	971
1822	970
909	968
49.0	968
795	967
811	966
1826	965
99.95	965
85.0	965
1827	964
1804	963
2025	960
692	959
804	959
59.95	955
688	953
748	953
686	953
-24	951
712	949
674	948
1799	948
669	947
647	946
905	945
596	944
1.15	943
4400	942
99.7	941
1793	940
10.7	937
9001	937
5.75	936
970	935
657	935
843	935
11.6	933
29.0	933
732	932
975	931
749	930
20000	925
731	925
728	924
890	921
653	920
679	920
663	919
12.71	918
1806	917
965	916
15.95	915
1805	915
0.27	914
687	914
39.0	913
125.0	911
18.99	910
689	907
1813	907
677	905
12.7	905
1101	903
724	903
648	902
12.4	902
6103	901
1816	900
7200	899
34.99	897
3400	896
13.1	895
1795	895
698	893
696	893
684	893
6.25	893
21.5	892
4800	892
729	891
809	891
79.99	890
0.44	890
814	889
742	889
5200	887
1777	886
-19	886
908	885
944	885
803	885
1802	885
1811	884
0.29	884
972	881
1201	881
1808	879
1780	878
69.99	877
854	876
1.95	876
12.8	875
11.95	874
11.4	874
1791	871
922	870
1020	869
0.31	869
765	869
3800	867
1680	867
6600	866
734	866
1807	864
754	863
1.45	863
682	860
2018	860
726	860
751	859
100000	858
673	858
928	857
13.2	856
2026	855
69.95	855
0.55	852
816	851
0.91	850
1450	848
1.06	847
683	847
903	846
11.7	843
9600	843
15.1	842
819	841
-27	840
658	837
0.005	836
1796	836
21.0	835
9500	834
1.12	833
733	833
1130	833
1817	832
855	831
723	831
11.8	830
1066	830
1640	827
-31	826
1798	823
917	821
0.34	821
1030	821
-50	821
27.5	820
10.9	820
822	820
945	819
4200	818
904	818
693	818
924	818
697	816
847	815
0.85	814
1550	812
1.03	812
0.65	811
835	809
939	808
977	808
736	806
8900	806
1701	806
1770	806
807	806
199.99	805
764	804
773	803
14.2	803
831	802
885	802
935	800
741	795
929	795
848	791
32.0	791
2048	790
28.0	787
11.9	787
828	784
821	784
817	783
744	783
694	782
1.04	782
941	782
906	780
1781	780
3.49	779
895	779
864	778
-26	777
1788	776
833	776
739	775
1394	775
921	774
1794	774
849	773
759	772
798	771
25.5	771
756	771
8.25	770
1720	769
916	768
955	768
1301	766
22.95	765
-32	764
20.5	764
23.5	764
1120	764
781	763
789	763
0.42	763
1.11	763
758	762
738	760
832	760
1785	758
14.3	758
774	757
8600	757
918	757
691	756
1783	754
0.92	752
886	751
1797	751
1002	750
952	749
919	749
743	748
865	747
931	746
1782	746
59.0	745
785	744
772	742
861	742
95.0	740
5400	739
966	739
763	739
1.35	738
978	737
99.6	737
824	736
913	736
907	733
1005	732
13.6	731
771	730
823	730
1202	730
997	730
15.2	729
1.33	727
12.6	727
8500	725
-5.6	723
838	723
1011	722
926	722
0.003	721
846	721
769	719
9800	717
949	716
10.95	716
21.95	715
6.75	715
746	712
0.39	712
26.0	712
1260	711
853	711
786	710
761	710
968	707
776	707
2.49	706
1501	706
792	705
2900	705
791	705
752	704
12.9	703
13.8	703
8.46	703
766	703
13.4	701
15.3	701
985	700
1760	700
762	700
4.01	699
7.25	699
1015	699
954	698
1784	698
0.41	698
1520	697
1060	696
829	696
1730	694
996	693
961	693
842	692
836	692
1.13	691
1.85	689
753	688
0.37	687
788	686
784	686
50000	685
851	684
827	682
8530	682
1366	682
5100	681
24.5	681
826	680
5.11	679
1.08	679
778	678
834	677
0.98	677
0.48	677
1023	675
783	674
1.65	674
841	674
883	673
18.95	672
0.49	671
839	671
23.0	671
27.0	670
1110	670
951	670
3.11	669
199.0	667
0.51	667
30000	667
1778	667
13.95	666
600.0	665
-28	665
0.88	664
1012	664
120.0	663
1003	663
14.8	662
882	662
13.7	662
79.0	661
837	660
1070	659
973	658
793	658
932	657
1536	657
3.15	657
858	656
782	655
1772	654
0.004	652
31.5	651
3.86	651
69.0	651
794	648
14.6	648
1.07	648
1220	646
856	646
1786	645
933	644
889	643
881	642
15000	641
923	641
2.01	641
16.7	640
797	640
25000	640
867	639
0.47	639
1601	637
796	637
29.5	637
1230	637
859	632
1620	632
936	632
1603	632
36.0	631
892	630
1734	630
149.99	630
963	629
8100	628
1007	628
0.64	628
3900	626
1.09	626
962	625
79.95	625
779	623
1740	623
16.4	622
0.56	622
868	622
1401	622
1755	619
-18000	617
1140	617
4100	617
959	615
956	615
1025	614
1.27	614
0.43	614
1223	614
1.14	613
2.66	612
94089	612
1.49	610
14.9	610
-60	609
26.5	608
1061	607
1004	607
1492	607
4.87	607
4300	607
350.0	607
1320	606
1414	605
872	605
989	604
1125	603
2019	603
863	603
0.89	601
-100	599
1310	598
1210	598
1774	598
9.25	597
1105	597
862	596
953	596
873	594
1199	594
32.5	593
937	593
8.75	592
893	591
869	589
1404	589
44.99	588
17.3	588
1604	588
884	587
0.62	586
0.97	585
14.7	585
1710	584
10001	584
927	583
1530	582
0.77	582
2017	581
0.52	581
5300	581
0.72	581
1763	580
89.99	579
896	579
1325	578
0.46	578
8300	577
16.1	577
979	577
969	576
1515	576
993	575
12000	575
-35	575
6400	575
879	572
958	572
898	572
1215	572
942	571
1660	571
1090	570
0.67	570
1779	569
1.21	568
983	568
938	568
891	568
1008	568
987	567
16.3	567
1625	566
2.15	565
894	565
83642	564
874	564
1765	563
1769	563
0.63	563
988	563
-70	563
16.9	563
6300	562
991	561
1773	561
0.59	561
1330	561
1610	560
1630	560
857	560
0.61	558
986	557
1006	556
1540	555
0.96	555
1240	555
1642	554
7.75	554
4870	554
1273	554
1.18	553
16.2	552
1122	552
1525	552
1079	552
-29	551
13.9	551
0.53	551
0.83	550
967	550
1075	550
2.13	549
6.49	549
60611	549
2.11	549
948	548
998	548
1016	548
3700	548
0.2009	548
947	547
1420	547
2199	547
934	547
1510	546
876	545
976	545
0.79	545
1707	544
1.66	544
1118	541
878	541
1035	541
48.0	541
1690	540
2222	539
982	539
1112	539
1204	537
1021	537
1014	537
7800	536
1212	536
992	536
2.26	535
964	534
943	533
1.24	533
17.1	533
21.99	533
1549	532
6800	531
5600	531
17.2	531
123456	531
0.68	530
-33	530
0.69	529
7600	529
0.94	529
4600	528
946	528
1757	528
1160	528
8020	527
1098	526
2040	526
887	524
1.28	524
1.22	524
38.0	524
0.78	524
17.6	523
1009	523
34.0	523
1115	523
897	522
0.86	522
1340	521
89.0	521
1275	520
-80	518
974	518
20.1	517
15.9	516
1.19	516
1.29	515
1045	514
2.12	514
1745	514
1152	513
1410	512
1733	511
1180	511
99.4	510
1717	510
1211	509
1.17	509
2.45	509
994	509
1019	509
28.5	508
957	508
0.54	508
789600	508
1.23	507
2.53	507
0.58	507
1102	507
9.04	507
981	507
110.0	506
6200	506
0.2007	505
0.71	504
1430	504
1244	504
1753	504
1754	503
1018	503
-735881414	503
0.73	503
30.5	502
1712	502
22.99	502
1702	502
1333	501
3.01	501
1715	500
0.74	499
1602	499
1205	498
18.4	497
0.66	497
1.44	497
2021	496
8520	496
19.2	495
984	494
1013	493
1742	493
1.55	493
0.57	493
0.76	492
2.05	492
2.02	491
1725	491
1732	491
0.81	490
1055	490
3.33	490
16.8	490
2.16	489
89.95	488
1771	488
1759	488
42.0	487
4700	487
8.04	486
40000	486
1764	484
8054	484
44.95	484
1207	483
1270	483
1670	482
15.7	480
1.16	479
1749	478
15.8	478
1033	478
17.4	477
1768	477
1.67	476
1044	476
60000	475
3.12	475
1460	475
1611	475
1022	474
99.1	473
1302	472
16.6	472
18.3	471
1560	471
1744	470
175.0	470
0.93	469
1605	469
1634	469
1305	469
1155	469
1127	468
1635	468
1337	467
802.1	467
1503	467
1017	467
0.82	466
19.9	465
1727	465
1190	464
1095	464
6700	464
1206	464
69937	463
20.3	463
1.26	462
1221	462
1064	462
5700	461
99.3	461
34.5	460
1224	460
1208	460
19.3	460
19.8	460
1704	459
1104	459
-34	459
3.06	458
2022	458
2142	457
1685	457
15.26	456
1737	456
1121	456
3.14	456
18.9	455
1535	455
26.99	455
7100	454
1623	454
18.2	454
2250	454
6100	454
1065	453
149.0	453
1609	453
29.9	453
38.5	452
1758	452
1303	452
1252	452
4.11	451
1766	451
1709	451
1689	451
1648	450
1607	450
39.5	450
9.75	450
27.95	449
1722	449
8888	449
1728	449
1235	448
2.35	448
5.01	448
1290	447
42.5	447
1582	447
1313	446
1580	446
129.99	446
1360	446
1545	445
1767	445
1109	445
1521	445
1041	445
4.98	445
1633	445
-44	444
1735	444
5870	444
4005	443
1108	443
3.71	443
1170	442
1425	442
1499	442
1483	440
1299	440
3.35	440
1756	440
1279	440
1295	439
1.32	439
0.125	439
1683	438
1.42	438
1245	438
1085	437
1415	436
54.99	435
18.6	435
28.8	435
1590	435
1762	435
1705	433
0.008	433
1738	432
2210	432
1714	432
16.96	431
1.69	431
0.87	430
1608	430
1695	429
18.8	429
33701	429
1638	429
2138	428
1332	428
1107	428
57.5	428
1743	428
4850	428
1284	427
35.5	427
1731	427
1688	427
1721	427
1524	427
20001	427
1616	427
1706	427
1761	426
299.0	426
299.99	426
1114	426
44.1	425
18.7	425
1.31	425
37.0	425
399.99	424
1113	424
3.02	424
0.84	422
1103	422
1306	422
9100	421
1.47	421
1746	421
17.8	421
1054	420
339669	420
1077	419
1027	419
2.22	418
9.31	418
1304	418
25.4	418
1555	417
1402	417
1748	417
1026	416
1542	416
2.14	416
1628	416
1034	416
6230	415
1661	415
3333	414
1606	414
2.03	414
21.1	413
1106	413
9300	413
1135	413
4096	412
1123	412
1.83	412
17.9	412
21.6	412
-36	412
1708	411
17.7	410
9630	410
13.49	410
33.0	410
1088	409
81701	409
-45	409
1621	408
18.1	408
1314	408
1699	408
1308	408
33.5	408
1480	407
1049	407
1209	406
7.49	406
1228	406
0.025	405
97.0	405
1380	405
47.0	405
44.0	404
249.99	404
1028	404
1718	404
1703	404
129.0	404
1253	404
1029	403
1675	403
98101	403
2115	403
1086	403
4.15	402
1315	402
1736	402
1254	401
1255	401
1042	401
1.34	400
1751	400
11.01	400
1156	400
1408	399
-90	399
26.2	399
2.21	399
1747	399
1505	399
1133	398
3.03	398
1665	397
1138	397
1.86	397
1666	397
1622	396
1692	396
1724	395
1470	395
1.52	395
1.36	394
140.0	394
1741	394
1644	394
1089	394
1344	393
22.1	393
1723	393
26.95	393
-2009	392
6102	392
1053	392
20.4	391
1490	391
2101	390
1615	390
1453	390
16.97	390
1081	389
54.0	389
1067	389
1032	389
5.91	389
1570	389
1039	389
3001	389
1068	389
5770	388
0.006	388
1117	388
3.45	388
1189	388
1653	388
1062	388
1455	387
1071	387
6.59	387
49.5	387
1632	387
1713	387
19.6	387
2150	386
4101	386
1502	386
5.03	386
4.35	386
1000.0	386
23.99	386
1037	385
99.2	385
1655	384
1124	384
52.0	384
1.38	384
1043	384
5900	384
1145	383
3.05	383
1612	383
-38	383
1227	382
4.49	382
62.5	382
1637	381
14.41	381
1274	381
1083	380
1599	380
1395	379
9.98	379
1629	379
1321	379
3650	379
3.98	379
1662	379
1222	379
1527	378
2135	378
1128	378
1036	378
1504	377
1636	377
9999	377
1082	377
1185	377
1216	377
2301	376
21.3	376
1051	376
1195	375
1329	375
1509	375
1331	375
1233	375
19.1	375
1711	375
1.98	375
2.19	374
1719	374
1495	374
5970	374
38.95	373
7.62	373
5.15	373
1116	373
1639	373
3.16	373
1323	372
1203	372
1213	372
0.007	372
19.4	372
3.73	372
1131	372
1059	372
1217	372
1656	372
1144	371
20008	371
22209	371
1.73	371
2110	371
1247	371
1231	370
1119	370
36.5	370
119.0	370
8700	370
1388	369
1595	369
1592	369
1389	368
1296	368
700.0	368
1424	368
1072	367
5.12	367
1132	367
1651	367
35000	367
1.37	366
9371	366
1242	366
1291	366
1074	366
-55	366
1251	366
20.2	366
19.7	365
1226	365
1161	365
25.95	365
1575	365
1619	365
1682	365
3.13	365
2536	364
1175	364
1056	364
4.03	364
1399	364
1137	364
3030	363
2035	363
1345	363
10.69	363
1311	363
1.76	362
31.0	362
1327	362
1516	362
1.39	362
1494	361
27.99	361
23.95	361
1726	360
-42	360
3.18	360
5.49	360
-39	360
1405	360
-0.5	359
130.0	359
1307	359
1087	359
2116	359
3199	358
1063	358
1171	358
1664	357
1219	357
1141	357
1.41	356
1522	356
7900	356
1484	355
1739	355
1.51	355
1264	355
1649	354
7300	354
2.93	353
1729	353
1256	353
8400	353
1519	352
21.2	352
1716	352
13.56	352
800.0	352
2345678901	352
14001	352
26.4	352
1585	351
1157	351
1148	351
1218	351
1.46	351
1.48	351
1057	351
1506	350
1624	350
1645	350
33.6	350
2650	349
802.3	349
20.8	349
1243	348
1246	348
4.02	348
1069	348
1162	348
6474	348
1309	348
1326	347
1324	347
1047	347
2.27	347
1084	347
10.1145	347
1238	347
1092	346
1559	345
1048	345
2.65	345
1652	345
1052	345
8330	344
1.43	344
1177	344
135.0	344
1046	344
1475	344
2.24	344
3.19	344
0.2006	344
2.55	343
22.2	343
1312	342
2121	342
1335	342
1412	342
1386	341
1094	341
1541	341
1151	341
2.04	341
21.4	341
2.06	340
0.2008	340
23.6	340
1322	340
1.62	340
23.4	340
3.55	339
2744	339
119.99	339
1096	339
4.13	339
2.17	338
1565	338
4.21	338
1618	338
2.33	337
1283	337
22.4	337
20005	337
1154	337
1038	337
1672	337
1294	337
1134	336
1694	336
1441	336
1370	336
1663	336
10.04	336
8200	335
1684	335
1237	335
1375	334
2215	334
1058	334
1265	334
1435	334
2112	334
1508	334
1073	334
2111	334
1697	333
7.45	333
24.4	333
1147	333
1437	333
1236	333
1097	333
1647	332
4900	332
1261	332
1445	332
1403	332
-37	332
1.56	332
1691	332
1512	331
1153	331
46.0	331
1698	330
10019	330
4.05	330
23.1	330
1.79	330
2033	330
4.33	330
1667	330
14.98	330
1422	330
1534	329
4801	329
1192	329
1523	329
1641	329
1248	328
1.59	328
1.54	328
1431	328
1613	328
1392	328
1126	328
20.7	327
1643	327
1429	327
20.6	327
1184	327
1277	327
47.5	326
1091	326
7400	326
1696	326
3.36	325
1654	325
105.0	325
1257	325
2.18	325
32.95	325
4.45	325
1229	325
1194	325
24.6	325
1136	324
1191	324
1569	324
1.61	324
1556	324
9200	324
1198	324
54.95	324
1693	324
8220	324
1165	323
-866	323
1678	323
1562	323
-41	323
1584	323
1164	322
3.26	322
1543	322
2525	322
35.99	322
40.5	322
1423	321
1.78	321
1263	320
1285	320
3.65	320
1167	320
179.99	320
2560	319
1531	319
1334	319
1149	319
1.89	319
109.99	319
1176	319
1129	318
1533	318
1513	318
1485	318
24.9	318
180.0	318
1349	317
1342	317
1139	317
1078	317
1249	317
1444	317
1588	316
1163	316
2601	316
10016	316
1262	316
3.22	316
1626	315
1669	315
44.5	315
3250	315
1232	315
1328	315
1668	314
1493	314
1292	314
1355	314
1179	314
2024	314
1239	314
5.56	314
2850	314
2.54	313
1474	313
2060	313
1146	312
1159	312
1674	312
1631	312
72.0	312
1341	312
20.9	312
1539	311
1214	311
1617	311
4001	311
1687	311
1271	311
1564	311
2450	311
1174	311
1276	311
149.95	311
22.6	311
25.6	311
-52	310
1681	310
1387	309
23.7	309
1473	309
115.0	309
21.7	309
1166	309
1357	309
32.99	308
1452	308
1.53	308
1076	308
1377	308
1658	308
23.3	308
64.99	307
1526	307
25.99	307
1572	307
1553	307
11106	307
1646	307
1627	306
3750	306
1142	306
1544	306
1517	305
10.25	305
1411	305
1316	305
6.15	305
1182	304
1282	304
1498	303
1673	303
1679	303
4.17	303
1390	303
3.97	303
1368	303
21.8	302
1529	302
1568	302
1614	302
1558	302
10017	302
-43	302
1482	302
9.11	302
1676	302
1491	302
2.07	302
4.16	301
1241	301
160.0	300
1686	300
139.0	300
1406	300
1278	300
1187	300
24.8	300
4.14	299
3.04	299
3.23	299
5150	299
41.0	299
3.29	299
1436	299
98.9	299
2099	299
23.8	298
1287	298
23.2	298
2108	298
1354	298
3.21	298
8.98	298
2140	297
29.97	297
1514	297
2114	297
1143	297
6.45	297
1267	297
2350	297
10010	297
25.2	297
1598	296
2.08	296
109.0	296
1364	296
26.1	296
2120	296
1317	296
11.25	296
1178	295
-53	295
1346	295
5.45	295
1168	295
22.7	294
2083	294
450.0	294
2.98	294
2.85	294
1571	294
1462	294
0.015	293
20894	293
2.83	293
1288	293
26.3	292
1169	292
-200	292
41.5	292
1594	292
5.18	292
22.9	291
1384	291
2.23	291
5.06	291
1446	290
3.17	290
1158	290
1677	290
5.98	290
225.0	290
1093	290
1659	289
8310	289
1417	289
2.09	289
1351	289
27.2	288
1451	288
1532	288
3.08	288
1671	287
22.3	287
2401	287
1293	287
3.58	287
1173	287
4.19	287
11000	287
-46	287
1181	286
1382	286
1258	286
1319	286
10003	286
1421	285
1188	285
1268	285
1463	285
1.88	285
7.15	285
1385	285
10.75	285
56.0	285
3.24	285
1433	284
1272	284
4.09	284
1397	284
8.49	284
1593	284
-48	284
1528	284
33.3	284
0.012	284
1.57	283
1547	283
145.0	283
1298	283
20.99	283
0.357	283
3.85	283
4.04	283
1186	283
1407	282
4.12	282
2501	282
1.58	282
2201	282
1579	282
9400	281
1297	281
11.86	281
1348	281
3.09	281
1372	281
1511	280
24.2	280
22.8	280
1409	280
20006	280
1.96	280
-51	280
1343	279
139.99	279
9771	278
35.95	278
0.2005	278
1281	278
24.3	278
1469	278
1259	278
1371	277
1318	277
1548	277
1471	277
3.51	277
29.7	276
1416	276
1353	276
2550	276
4.08	276
1339	276
1566	276
2.94	276
1461	276
98.5	276
25.8	276
3.67	276
24.1	276
3.07	276
10022	276
1464	275
399.0	275
14000	275
1.64	275
19.98	275
1361	275
64.0	274
1518	274
1554	274
1428	274
1197	274
1581	273
5530	273
21.9	273
1587	273
1538	273
1172	272
43.0	272
25.1	272
88.5	272
1577	271
2750	271
2029	271
2.29	271
3301	271
1591	271
195.0	271
68.0	271
23.9	271
1196	271
28.99	271
58.0	271
1442	271
1589	271
1183	270
169.99	270
1557	270
57.0	270
1657	270
249.0	269
2280	269
1.63	269
8.33	269
2.36	268
1266	268
1.92	268
18000	268
1365	268
2.28	268
1373	267
97.5	267
1497	267
2.47	267
1398	266
10021	266
1193	266
129.95	266
1427	266
7700	265
2125	265
21.21	265
10.16	265
3205	265
3.69	265
43.5	264
1432	264
1359	264
4.29	263
2.31	263
90012	263
8320	263
26.8	263
3.39	263
98.7	263
1552	263
33.8	263
39.9	262
3.28	262
0.925	262
93794	262
1443	262
1507	262
1352	262
3.31	262
1488	262
1586	262
4.55	262
8.88	261
2.71	261
28.6	261
2950	261
4.22	261
9.97	261
4.18	261
1567	261
1336	260
2.82	260
5310	260
2055	260
91311	260
12.75	260
11.75	260
1.97	260
8.45	260
1.77	260
1597	259
1.68	259
1481	259
9.49	258
3.79	258
1563	258
2.38	258
25.3	258
1546	258
1438	257
1434	257
1454	257
1418	257
2.64	257
94.5	256
1286	256
1583	256
5.05	256
10038	256
27.4	256
2130	256
1269	256
2109	256
1.544	256
2.39	255
1457	255
1289	255
4.68	255
52.5	255
199.95	255
2.97	255
1449	254
0.016	254
1.81	254
30.4	254
1362	254
1338	254
10012	254
3010	254
9550	254
5.13	254
7.98	254
0.009	253
25.7	253
2139	253
92.5	253
1.74	252
6.35	252
1573	252
2220	252
74.99	252
3.38	252
9530	251
-75	251
30.6	251
2169	251
2032	250
-47	250
3801	250
1.72	250
1551	250
30.1	250
-54	250
1381	250
25.46	250
1456	250
9.15	249
3419	249
7.23	249
26.7	249
5001	249
-65	248
3101	248
28.4	248
5201	248
4.06	247
1537	247
1.87	247
2.91	247
3.84	247
45.5	246
-333	246
70.3	246
2133	246
59.5	246
8217	246
2.67	246
3.92	246
8080	246
2.51	246
3.52	245
24.7	245
3.42	245
4.85	245
4.88	245
1347	245
62.0	245
499.0	244
1383	244
2.44	244
2160	244
499.99	244
1378	243
1.91	243
1439	243
3120	243
1561	243
1413	242
1465	242
1419	242
53.5	242
49.9	242
349.99	242
31.99	242
1358	242
6.76	242
1.84	241
0.333	241
4050	241
25.9	241
1479	241
94131	241
2.79	241
4.39	241
7.04	240
2.63	240
2310	240
88.1	240
91.5	240
27.9	240
26.6	240
3.54	239
3550	239
34.1	239
5.09	239
28.3	239
2256	239
2038	239
1459	239
5050	239
2.32	238
1376	238
28.1	238
1574	238
27.7	238
5.02	238
1.93	238
1356	237
1379	237
10011	236
10036	236
51.0	236
80360	236
8226	236
2.48	236
63.0	236
1467	236
2031	236
11.44	235
-0.1	235
30.3	235
10018	235
4.52	235
3.96	234
1466	234
-71	234
31.1	234
1578	234
29.4	234
4.27	234
1487	234
2034	234
27.6	234
22000	234
4.57	234
5280	233
16000	233
0.2004	233
28.95	233
159.0	233
-1.0	233
2520	233
7.05	232
2080	232
2610	232
4.32	232
2420	232
1489	232
2701	232
6.11	232
2205	232
2023	232
27.8	232
8371	231
3.46	231
1477	231
28.7	231
2.52	231
2202	231
2255	230
0.308	230
5750	230
3110	230
31.8	230
3310	230
30.2	230
8830	230
2.42	229
2105	229
2.92	229
27.3	229
1496	228
3.27	228
1000000	228
1.71	228
2.69	228
4.67	228
-72	228
2045	228
1369	228
159.99	228
3072	228
1596	228
6.29	228
2047	228
11962	227
4.65	227
3.93	227
2046	227
5.46	227
-554	227
67.0	226
-81	226
-62	226
3.62	226
3.32	226
1391	226
92101	226
98.6	226
-82	226
74.95	226
3.78	226
3.48	225
12.25	225
-300	225
2.34	225
3962	225
6.06	225
1374	225
4.24	225
97504	225
1367	225
3.94	225
4.79	225
3850	225
28.2	225
750.0	224
2920	224
31.2	224
165.0	224
4.23	224
4.48	224
1393	224
3501	223
40.6	223
97.9	223
4.26	223
11.98	223
1472	223
6110	223
2.59	222
1458	222
2027	222
35.2	222
4444	222
-64	222
-870	222
46.5	222
6101	222
7.01	221
3870	221
2.58	221
2028	221
1447	221
6001	221
34.9	221
2330	221
4401	221
9027645	221
97.3	220
4.44	220
87.5	220
95.5	220
1.94	220
9.35	220
2118	220
295.0	219
32.8	219
0.375	219
4.38	219
189.0	219
1486	219
1363	219
30.8	219
2.96	219
28000	219
29.2	218
1576	218
4040	218
4350	218
-91	218
2.77	218
5.14	218
2820	218
98.8	218
7610	218
3.81	218
88.0	217
2254	217
66.0	217
-2010	217
1426	217
4890	217
6630	217
53.0	216
3150	216
96813	216
8130	216
2.78	216
1476	216
6.01	216
6.12	216
4.69	216
4.43	216
32.2	215
179.0	215
3.59	215
-73	215
27.1	215
5250	215
-85	215
2720	215
12345	215
20009	215
2260	215
98.0	214
3.53	214
8.15	214
4.28	214
39.4	214
3.68	214
38.1	214
2070	213
3720	213
2180	213
33.4	213
10.49	213
2532	213
-2008	213
1448	213
36.7	212
2801	212
2.88	212
7.12	211
2.76	211
61.0	211
5.07	211
2.43	211
1.82	211
29.8	211
1396	211
-95	211
50.5	210
64.95	210
31.4	210
2.41	210
2211	210
-61	210
9935	210
4.42	209
3450	209
2304	209
39.6	209
7.19	209
15.75	209
5.39	209
2440	209
67.5	208
169.0	208
2320	208
2.56	208
-56	208
3.44	208
9.01	208
29.1	208
32.4	208
2049	208
3.72	208
900.0	208
7.77	208
2901	208
4.97	208
4130	207
119.95	207
2.62	207
-93	207
4.46	207
7.11	207
-110	207
8288	207
2036	206
3050	206
2.57	206
6.98	206
4.89	206
1478	205
349.95	205
2.74	205
5.19	205
2155	205
78.0	204
-84	204
3.47	204
2494	204
45.7	204
2.46	204
5555	204
1468	203
3.34	203
2090	203
4.83	203
29.98	203
3002	203
5.04	203
6854	203
3060	202
2042	202
2.37	202
2510	202
2902	202
29.3	202
3.61	202
2424	202
9.45	201
4.07	201
-86	201
3230	201
2052	201
4.78	201
10.1016	201
3.63	201
10004	201
36.95	200
3.66	200
5230	200
6120	200
37.99	200
5101	200
84.0	200
2008885	200
4550	200
5.33	200
45000	200
36.4	200
0.032	200
90.3	200
31.3	200
72.7	200
94102	199
2.72	199
3.89	199
5.35	199
2302	198
2.61	198
3210	198
2840	198
-3400	198
8.09	197
3220	197
44.21	197
13.98	197
2041	196
26.9	196
3.43	196
2.89	196
0.223	196
9172	196
-76	196
84062	196
34.2	196
94103	196
2102	196
4.71	196
32.7	195
58.5	195
-0.2	195
2.87	195
36.6	195
4.62	194
32.1	194
2345	194
42.99	194
10.15	194
65.5	194
3008	194
4.63	194
54.5	194
5.29	194
4.41	194
220.0	194
4.56	194
3.74	193
35.7	193
0.264	193
2170	193
20.95	193
-66	193
-8544	193
3.64	193
33.99	193
76.0	193
92.3	193
4250	193
97.1	193
0.625	193
4.31	192
8120	192
66.7	192
28.9	192
4150	192
-755	192
36.99	192
2499	192
4770	192
32.3	192
4.76	191
41.8	190
35.4	190
48.5	190
51.5	190
43.2	190
2.86	190
2410	190
27601	190
3.37	189
21201	189
4020	189
2620	189
-63	189
4.51	189
140.7	189
37.6	189
3.56	188
8001	188
2061	188
4670	188
3601	188
11.49	188
4650	188
7.61	188
56.4	188
3.88	188
43.8	187
6111	187
12.98	187
3.82	187
94.7	187
20037	187
72.5	187
802.16	187
13.75	187
29.6	186
96.5	186
5.17	186
4010	186
8820	186
2.68	186
2466	186
39.2	186
3350	186
40.1	186
0.0005	185
170.0	185
7.02	185
91.7	185
599.0	185
2340	185
2037	185
10.01	185
35.6	185
14.25	185
5.08	185
3376	185
2065	184
3950	184
3901	184
5610	184
2113	184
93.3	184
10.1161	184
2630	184
3201	184
35.8	184
-92	184
2.81	184
11.11	184
5401	183
90.5	183
0.028	183
4210	183
7650	183
3.91	183
9002	183
-88	183
7.65	183
200000	183
4.59	183
20892	183
92.0	183
5.59	183
10005	182
10.17	182
275.0	182
4.61	182
11.15	182
6.14	182
3.87	182
3.77	182
35.3	182
6900	182
4043	182
98.3	181
98.1	181
2204	181
2333	181
12.49	181
-83	181
89109	181
8051	181
4.37	181
18.75	181
82.0	181
4.36	181
2910	180
4.86	180
6220	180
90028	180
2999	180
90.1	180
3.57	179
2380	179
0.177	179
3020	179
2132	179
36.1	179
4.72	179
6.38	179
5.55	179
74.0	179
5010	179
31.7	179
4217	179
2145	178
32.9	178
89.3	178
7210	178
16961	178
2.84	178
98109	178
6.55	178
41.2	178
-77	178
36.9	178
12180	178
5.85	178
4201	178
7060	177
82.5	177
24000	177
4004	177
9.09	177
3.83	177
96.3	177
94.0	177
-94	177
3121	177
31.9	177
29.71	177
4301	177
12500	177
38.4	177
31.6	176
2230	176
650.0	176
3.41	176
56.5	176
2107	175
14.97	175
5330	175
-99	175
-0.3	175
-89	175
2640	175
2075	175
2710	175
78701	175
3003	175
17.98	175
7777	175
7250	175
96.0	175
2240	175
2312	174
80202	174
-4.5	174
8525	174
888888	174
2148	174
32801	174
90.7	173
2903	173
11.69	173
4.54	173
2.73	173
8110	173
5788	173
37.8	173
3264	173
2860	173
5301	173
2360	173
3660	173
6061	173
2430	172
5850	172
3330	172
2212	172
4.34	172
2323	172
2095	172
6.67	172
33.9	172
-58	172
34.6	172
33.1	172
3130	172
2151	172
106.7	171
81.0	171
61.5	171
95814	171
190.0	171
3701	171
2043	171
5130	171
4.47	171
8.01	171
4.93	170
7001	170
84.95	170
77.0	170
13.25	170
139.95	170
34.4	170
9900	170
80401	170
2411	169
2454	169
63.5	169
2244	169
38.99	169
20007	169
2103	169
10.45	169
0.999	169
-74	169
2106	168
2122	168
3830	168
46.3	168
19.97	168
89.9	168
299.95	168
2592	168
699.0	168
50.8	168
4002	168
92.7	168
5350	168
6.22	168
39.3	168
91.1	167
31.95	167
10.19	167
8.02	167
4.81	167
4.77	167
3102	167
40.9	166
8.05	166
189.99	166
8221	166
69.5	166
2203	166
2225	166
3006	166
500000	166
550.0	166
229.99	166
41.3	166
2104	166
30.9	166
22.49	166
42.2	165
6210	165
2000.0	165
4.92	165
4.74	165
2214	165
6150	165
2223	165
89.5	165
11.18	165
37.2	165
5110	165
0.013	164
2540	164
2119	164
16.98	164
6233	164
2325	164
2072	164
5550	164
8.11	164
7.97	164
70130	164
-2007	164
4.58	164
6.13	164
33.2	164
2066	163
41.7	163
2117	163
5450	163
7750	163
999.0	163
37.7	163
41.9	163
2730	163
-49	163
88.9	163
48000	163
14.44	163
10013	163
5.64	163
2625	162
34.8	162
4.96	162
42.9	162
3560	162
5.24	162
37203	162
2425	162
4.73	162
2311	162
4011	162
2291	161
46.7	161
7.92	161
94.1	161
19104	161
2056	161
11.19	161
15.25	161
6.03	161
2134	161
42.6	161
3131	161
2653	161
6.24	161
-96	161
155.0	161
14.49	161
7.14	161
84.99	161
3004	160
6.65	160
92.1	160
104.9	160
16.49	160
41.1	160
0.2003	160
38.2	160
2460	160
6.19	159
0.011	159
36.8	159
22100	159
2131	159
2233	159
4750	159
59.9	159
95054	159
13000	159
93.5	159
44.6	159
4.64	158
6280	158
30.7	158
2221	158
68.5	158
2088	158
40.4	158
4501	158
2128	158
2054	158
40.2	158
2143	158
40.7	158
36.3	158
2062	158
101.5	158
41.6	158
10.1136	158
3005	158
2315	158
60613	158
96.7	158
3032	157
2064	157
3111	157
5140	157
42.95	157
42.1	157
0.024	157
5.23	157
495.0	157
5.16	156
3620	156
102.5	156
-1.5	156
2171	156
5005	156
21.25	156
2530	156
32.6	156
6680	156
6.21	156
37.9	156
6.26	156
2526	155
10.98	155
6260	155
55.5	155
2144	155
35.1	155
2505	155
37.95	155
34.3	155
12866	155
2051	155
6.02	155
0.036	155
2332	155
2053	155
14.75	155
22314	155
6.85	155
9.12	155
37.4	154
109.95	154
47.2	154
21000	154
34.7	154
30333	154
599.99	154
4.66	154
2688	154
40.3	154
38.8	154
17000	154
2880	154
2208	154
-78	154
2511	154
0.014	153
-67	153
6020	153
2044	153
76.5	153
2445	153
2660	153
-120	153
79.5	153
2161	153
2421	152
12.15	152
6301	152
2141	152
-150	152
996.8637	152
2093	152
9.89	152
89074	152
3555	152
98.4	152
6.04	151
23000	151
38.3	151
60601	151
7.35	151
10.79	151
20.36	151
2524	151
2727	151
35.9	151
6010	151
2605	150
2129	150
7.13	150
11.45	150
2067	150
50.4	150
3040	150
2039	150
3.76	150
20850	150
4.94	150
73.0	150
6.16	149
2344	149
15.98	149
5.97	149
60.5	149
44.8	149
66.5	149
185.0	149
71.0	149
78.5	149
60637	149
11.16	148
2124	148
7710	148
44.7	148
38.9	148
36.2	147
5020	147
0.075	147
39.7	147
5.26	147
2175	147
6801	147
8.12	147
2228	147
5405	147
325.0	147
5505	147
2929	147
37.3	147
5.28	147
64.5	147
210.0	147
18.25	147
2184	147
5.44	147
7.28	147
89.1	147
38.7	146
99.999	146
45.3	146
32000	146
3820	146
2068	146
240.0	145
33139	145
2335	145
7010	145
2473	145
2451	145
5.65	145
2412	145
4545	145
5.21	145
37.1	145
2126	145
71.5	145
41.4	145
-98	145
4.53	144
94.9	144
87.0	144
7333	144
395.0	144
4999	144
6.48	144
7.18	144
21401	144
6.05	144
19.75	144
3510	144
2209	144
90.9	144
3590	144
0.2002	144
-79	144
42.7	144
77030	144
3520	144
359.99	144
8667	144
8.48	144
8701	143
6.09	143
2306	143
4901	143
2828	143
53.3	143
48.3	143
11.05	143
5570	143
2476	143
8230	143
6650	142
55488	142
103.5	142
2404	142
229.0	142
2608	142
91.3	142
2081	142
2063	142
7.79	142
2810	142
3360	142
51.2	142
2085	142
5.22	142
8601	142
-877	142
18001	142
2224	142
2515	142
2502	142
0.303	142
5320	141
26000	141
2703	141
-212	141
88.3	141
2375	141
2058	141
22.06	141
2299	141
375.0	141
3610	141
83.0	141
2370	141
53202	140
9.29	140
2123	140
4340	140
45.2	140
5769	140
3211	140
57.6	140
21202	140
9.26	140
3270	140
52.4	140
4830	140
10.88	140
3125	140
86.0	139
7.08	139
5102	139
2960	139
10107	139
44.4	139
-999	139
96.1	139
7.16	139
15.49	139
3401	139
16.25	139
2275	139
5.57	139
2084	138
7.29	138
2816	138
-2.5	138
1e-05	138
100.7	138
2912	138
8.97	138
51.1	138
0.199	138
2059	138
2415	138
3410	138
3065	138
-59	138
7050	138
6.47	138
8192	138
98122	138
6.18	138
2355	138
3303	138
2305	138
42.3	138
2495	138
7201	138
4.82	138
2626	138
101.9	137
-97	137
2324	137
24.98	137
44.9	137
93.1	137
5.53	137
-2.0	137
5815	137
105.9	137
0.017	137
3105	137
3025	137
80000	137
90024	137
4330	137
2615	137
54.9	137
2127	137
999.99	137
2316	137
2235	136
-2000	136
-57	136
43.7	136
0.018	136
2760	136
2465	136
-240	136
2448	136
39.8	136
18.98	136
6.27	136
1234567	136
2480	136
47.8	136
2405	136
2549	136
46.1	136
18901	136
0.019	135
2176	135
5125	135
4.91	135
9.94	135
97.7	135
7.21	135
8.54	135
595.0	135
7310	135
33.7	135
2071	135
4213	135
2057	135
8.03	135
76.2	135
6030	135
3031	135
62.99	135
0.035	135
5.79	135
2470	135
5225	135
2207	134
3535	134
899.0	134
44.2	134
45.6	134
75000	134
33.95	134
5.54	134
88.7	134
40.8	134
2069	134
9.03	134
49.6	134
-0.4	134
70.5	134
3221	133
6121	133
2219	133
9811	133
6.39	133
2399	133
0.031	133
47.99	133
3080	133
7.03	133
-0.6	133
4659	133
2190	133
5.51	133
10.1126	133
55.99	133
219.95	132
59.4	132
2290	132
48.6	132
2506	132
9650	132
44106	132
2227	132
5.47	132
1000101	132
3009	132
3166	132
10.12	132
2431	132
84.5	132
42.8	131
3103	131
9.08	131
2153	131
6.17	131
6.66	131
3141	131
2702	131
6.74	131
3504	131
2165	131
2264	131
2285	131
2251	131
43.4	131
2346	131
-919	131
2830	131
43215	131
-105	131
3680	131
2602	131
3280	131
2711	130
2580	130
7.07	130
2092	130
16.11	130
1500.0	130
4220	130
249.95	130
2809	130
8086	130
9.05	130
73.5	130
2206	130
39.1	130
2926	130
46.4	130
2331	130
2535	130
2490	130
95.7	130
7230	130
2314	130
2555	130
2321	129
4007	129
349.0	129
4221	129
55.6	129
95.3	129
43.3	129
93.0	129
2409	129
6510	129
2570	129
5002	129
6681	129
151065	129
2245	129
49.2	129
5.31	129
119.59	129
13.57	129
9228331377	129
2242	129
2303	128
4105	128
2009.0	128
2270	128
0.2001	128
5.38	128
8002	128
5.52	128
2446	128
2813	128
5.88	128
6.89	128
20003	128
9088846921	128
-69	128
2616	128
2756	128
7.09	128
7.22	128
3999	128
6610	128
5701	128
102.0	127
43.95	127
8250	127
9.02	127
20910	127
43.6	127
4450	127
2575	127
17.49	127
77.5	127
6.23	127
8.27	127
2603	127
2246	127
80302	127
60607	127
48.4	127
9.13	127
38.6	127
2364	126
65.3	126
52.1	126
-175	126
98.2	126
5120	126
2322	126
179.95	126
0.0002	126
7290	126
2444	126
10025	126
65000	126
9.79	126
93.7	126
219.99	126
3945	126
280.0	126
4321	126
2079	126
2195	126
107.5	126
8.16	126
2452	126
57.3	126
19103	126
5760	125
30303	125
2930	125
50.1	125
2149	125
17.25	125
104.5	125
2152	125
2313	125
5445	125
2474	125
115.83	125
41.99	125
2136	125
2307	125
2824	125
2590	125
-2006	125
8.07	125
45.99	125
4420	125
0.299	125
5.42	125
2419	125
2407	124
43.1	124
94043	124
2512	124
8.31	124
4950	124
79.2	124
8.26	124
3311	124
2522	124
2231	124
92660	124
2319	124
6.28	124
3860	124
3570	124
2241	124
8125	124
2334	124
2472	124
0.023	124
850.0	124
7474	124
51.3	124
8.35	124
2521	123
51.4	123
2611	123
3012	123
89.7	123
46.9	123
3840	123
79.9	123
-0.0	123
8.19	123
53.4	123
48.2	123
3920	123
5.84	123
9.69	123
23.76	123
4320	123
32819	123
2266	123
2767	123
11.06	123
219.0	123
419.83	123
7.27	123
13.59	123
4215	123
2226	123
13021	122
5440	122
2481	122
60606	122
8401	122
7430	122
4530	122
2234	122
4140	122
70000	122
27001	122
11.96	122
48.99	122
2604	122
2076	122
2443	122
995.0	122
8540	122
12.45	122
2655	122
2259	121
0.045	121
4125	121
7950	121
3320	121
6.69	121
147560	121
2253	121
2967	121
3140	121
42.4	121
0.033	121
2229	121
2848	121
6002	121
0.027	121
5825	121
6.97	121
95.4	121
90000	121
2606	121
114.0	121
3306	121
59.88	121
95.9	121
6810	120
2435	120
3011	120
106.5	120
51.8	120
2914	120
5501	120
5.36	120
58.4	120
10500	120
5.92	120
2262	120
53.1	120
2267	120
70.1	120
2503	120
6.44	120
30.01	120
10260	120
47.1	120
5220	120
3605	120
5601	120
2382	120
-87	120
5.93	120
2308	120
4455	120
2652	119
2780	119
7.17	119
2680	119
3315	119
11111	119
2392	119
2588	119
11201	119
2825	119
3225	119
0.021	119
5950	119
2516	119
279.99	119
5819	119
3055	119
3180	119
9.68	119
53.6	119
-208	119
1000001	119
4701	119
7.64	119
5060	119
100.1	119
2581	119
9.06	118
0.048	118
3425	118
0.026	118
799.0	118
-1000	118
2911	118
45.95	118
7701	118
260.0	118
98104	118
8.24	118
57.1	118
5.32	118
95616	118
11.21	118
2168	118
6250	118
269.42	118
2807	118
11.89	118
6666	118
2441	118
46.8	118
45.1	117
2154	117
7.69	117
9.07	117
2213	117
16.47	117
4601	117
5040	117
97.8	117
2811	117
2790	117
91.9	117
3115	117
3630	117
2905	117
2366	117
2514	117
6502	117
2351	117
11.02	117
2097	117
104.3	117
2704	117
4626	117
5.89	117
94.99	117
4637	117
5.48	117
3553	117
4110	116
18.66	116
106.1	116
2661	116
10.85	116
2582	116
3202	116
2740	116
70.8	116
13.97	116
48.9	116
3375	116
9.85	116
8211	116
7920	116
0.201	116
75201	116
91301	116
10.02	116
136.0	116
49.3	116
3755	116
3015	116
11.03	116
6201	116
62.4	116
96.9	116
3502	116
2396	115
2416	115
3340	115
16.75	115
7.06	115
2777	115
-3.5	115
2815	115
279.0	115
4038503	115
50.2	115
92.9	115
3090	115
2336	115
2995	115
3109	115
8.08	115
8.29	115
5510	115
2352	115
65535	115
4520	115
4510	115
47.7	115
2844	115
51.7	115
2886	115
5768	115
53.7	115
10.03	115
9210	115
6.46	115
20004	115
5630	114
108.0	114
0.286	114
10014	114
5.43	114
3880	114
100.3	114
20852	114
-202	114
3584	114
2009.1	114
3515	114
2402	114
51.6	114
2218	114
2216	114
88888	114
48.7	114
4030	114
3910	114
6.32	114
9.59	114
107.9	114
3711	114
52.95	114
94133	114
9.14	114
99.97	113
124.99	113
8.39	113
2191	113
2417	113
47.4	113
-535	113
300000	113
41.95	113
5151	113
5.62	113
68.8	113
20814	113
3420	113
66.6	113
5730	113
2915	113
39.98	113
5.58	113
86400	113
2612	113
2459	113
3000.0	113
2413	113
11.23	113
55.9	113
50.7	113
4751	113
100.5	113
3540	113
2156	113
74.5	113
2821	113
5222	113
3053	113
0.1999	113
3070	113
4240	113
3824	112
7.24	112
2328	112
6550	112
4111	112
46.71	112
55.2	112
7.48	112
20010	112
2408	112
8.17	112
14.96	112
10.08	112
4855	112
14.45	112
3970	112
98040	112
2096	112
30.95	112
4070	112
12.74	112
2077	112
2384	112
7020	112
8.79	112
6.07	112
13.45	112
3456	112
7.32	112
11101	112
2326	112
2453	112
50.3	112
6.08	112
-101	112
0.042	112
82000	112
4102	112
101.1	112
3996	112
7.33	112
55.1	112
8799	111
2822	111
14.39	111
2622	111
2553	111
8610	111
68.6	111
3595	111
3585	111
43.9	111
11.53	111
7.26	111
2908	111
2232	111
5444	111
3051	111
46.2	111
3068	111
7960	111
2359	111
4211	111
7.59	111
11.12	111
4120	111
92037	111
4141	111
2395	111
6.31	110
67.1	110
65536	110
2635	110
4410	110
49.1	110
4212	110
3312	110
4895917	110
48.1	110
5.94	110
2802	110
2159	110
2073	110
105.1	110
-128	110
8.76	110
12.05	110
2770	110
2284	110
4170	110
4003	110
8.96	110
8003	110
159.95	110
230.0	110
4060	110
2475	110
57.7	110
105.3	110
4006	110
2098	110
5070	110
3440	110
69.9	109
57.2	109
4957	109
53.99	109
2455	109
3805	109
2531	109
250000	109
2634	109
2925	109
5.66	109
5030	109
2181	109
6.78	109
2272	109
2295	109
47.95	109
2504	109
71.4	109
20002	109
81.5	109
2337	109
4230	109
2166	109
4.84	109
118.0	109
2507	109
2447	109
2248	109
3355	109
8.28	109
198.63	109
10028	109
-735881446	109
54.1	109
699.99	109
2836	109
169.95	109
47.3	109
11.97	109
56.6	109
55000	109
8801	109
2563	109
93.9	109
2362	109
50.6	108
3307	108
6017	108
2940	108
6.54	108
9005	108
6601	108
-221	108
8.21	108
4360	108
5.27	108
30.99	108
2078	108
6.62	108
2192	108
3075	108
269.0	108
2906	108
150000	108
12.19	108
7030	108
61.2	108
15454	108
4064	108
6.36	108
5210	108
0.044	108
3045	108
6.33	108
2513	108
58.2	108
2666	108
27000	108
4202	108
2939	108
3604	108
61.8	108
7.96	108
64.8	107
2377	107
46.6	107
2317	107
5012	107
-210	107
2082	107
2664	107
54.6	107
2252	107
2595	107
9520	107
2675	107
52.8	107
-4.0	107
3240	107
3717	107
6.94	107
-6.3	107
2309	107
62.2	107
2074	107
47.6	107
3505	107
46.99	107
3940	107
105.7	107
9.23	107
-2005	107
2091	107
30308	107
4990	107
2990	107
97.6	106
36.51	106
2904	106
101.0	106
-68	106
5.63	106
53.9	106
12901	106
3407	106
52.9	106
2449	106
2379	106
56.1	106
9006	106
2632	106
2715	106
7.31	106
239.0	106
4480	106
10.05	106
2458	106
67.3	106
9.17	106
10.97	106
4810	106
2548	106
2544	106
2432	106
44.3	106
49.8	106
2808	106
6360	106
3054	106
94105	106
2737	106
2296	106
5.83	106
3232	106
102.7	105
75006	105
2390	105
2651	105
11.24	105
3640	105
65.8	105
5.82	105
12.21	105
2562	105
91.0	105
2518	105
2385	105
7.56	105
2368	105
7.89	105
8212	105
2722	105
4310	105
2805	105
-0.9	105
2363	105
3575	105
45202	105
2418	105
5520	105
5315	105
17025	105
6620	105
4949	105
2890	105
64.7	105
4025	105
-1.1	105
90025	105
5.67	105
11.48	105
2644	104
2705	104
2663	104
2087	104
2186	104
2528	104
2403	104
6050	104
6423	104
12.59	104
0.338	104
45.4	104
49.7	104
52.99	104
97.2	104
5.73	104
2339	104
2239	104
6.64	104
63.1	104
12.97	104
2414	104
2468	104
3780	104
10.1109	104
2086	104
5.34	104
3808	104
2361	103
6070	103
24.75	103
92618	103
9.19	103
2433	103
2554	103
2288	103
69.6	103
3377	103
10.1007	103
103.7	103
0.243	103
11.55	103
2353	103
0.065	103
2217	103
62.1	103
6.93	103
5670	103
11211	103
57.4	103
2642	103
2198	103
2519	103
7.55	103
3260	103
6.52	103
2261	103
3066	103
209.0	103
2725	103
6.56	103
-634	103
2534	103
0.052	103
5000.0	103
98004	103
6.63	103
4090	103
2438	103
3128	103
0.043	103
0.1998	103
58.99	103
54.2	103
2921	103
8882	102
2146	102
-5.0	102
1200.0	102
4080	102
35.61	102
2943	102
103.0	102
2249	102
56.2	102
3007	102
2543	102
2341	102
4506	102
3325	102
8005	102
60.3	102
5.86	102
2342	102
57.8	102
7.36	102
5015	102
8901	102
45.9	102
19.51	102
3321	102
2823	102
4610	102
5.71	102
2406	102
3024	102
45.8	102
10110	102
0.667	102
4311	102
3588	102
6820	102
54.8	102
-0.8	102
3021	102
4880	102
3930	102
50.9	101
92121	101
85.5	101
7004	101
6.57	101
3160	101
58.7	101
7040	101
128.0	101
56.9	101
3415	101
2665	101
3903	101
2357	101
103.1	101
6670	101
88.2	101
49.4	101
2478	101
259.0	101
5.69	101
73.6	101
6125	101
8210	101
2247	101
9.16	101
3222	101
2803	101
9.21	101
100644	101
46.95	101
77002	101
0.037	101
3905	101
48.8	101
4710	101
7373	100
61.4	100
5757	100
27401	100
11.04	100
4017	100
55.7	100
98052	100
3402	100
54.7	100
5255	100
65.2	100
2893	100
10.11	100
6750	100
2692	100
52.2	100
8.94	100
71.1	100
4441	100
0.101	100
3016	100
8.55	100
7410	100
4333	100
32202	100
6932	100
83.3	100
3645	100
4015	100
4567	100
2623	100
4158	100
28.01	100
10.1182	100
1100101	100
4915	100
8.18	100
7.44	100
2439	99
3710	99
3909	99
2193	99
2875	99
56.3	99
549.99	99
8.06	99
6501	99
2795	99
97005	99
4711	99
2831	99
3114	99
290.0	99
9.42	99
2094	99
2712	99
2669	99
2842	99
15213	99
6720	99
5003	99
2429	99
94612	99
4905	99
56.7	99
2343	99
5190	99
2686	99
63.6	99
6511	99
2423	99
2173	99
22201	99
53706	99
59.8	99
12.23	99
75.5	99
0.315	99
2188	99
75.2	99
4160	99
9.84	99
2496	99
30.06	98
23.976	98
62.7	98
5142	98
2263	98
5111	98
0.038	98
4505	98
65.7	98
2318	98
2137	98
79.1	98
4103	98
10023	98
2508	98
48.95	98
56.8	98
20016	98
2707	98
3730	98
2751	98
2649	98
5008	98
2356	98
2835	98
74.4	98
2657	98
4112	98
60.6	98
2924	98
270.0	98
44100	98
2271	98
94110	98
85260	98
5.76	98
3052	98
289.0	98
4820	98
4562	98
4663	98
3524	98
75001	98
3790	98
2609	98
2690	98
94305	98
3845	98
2238	98
2964	98
2922	98
2607	98
3124	98
2426	98
10.67	98
4660	98
3990	98
2373	97
3206	97
11.39	97
2349	97
80301	97
245.0	97
7003	97
4411	97
2509	97
4868	97
80.5	97
329.99	97
8101	97
64.9	97
2185	97
12.01	97
15.15	97
93.8	97
2294	97
8008	97
4620	97
3117	97
-1.2	97
0.055	97
80.4	97
4151	97
0.108	97
5803	97
3305	97
2167	97
3014	97
3390	97
2269	97
78.6	97
2434	97
3655	97
2851	97
3530	97
7227	97
7070	97
0.022	97
103.9	97
999999	97
2806	97
5678	97
2597	97
4414	96
2909	96
3421	96
2817	96
2552	96
2329	96
57.9	96
58.9	96
2422	96
8.65	96
5522	96
2491	96
6330	96
8.59	96
2327	96
104.0	96
94.3	96
2461	96
2477	96
2895	96
2533	96
399.95	96
0.275	96
2721	96
2565	96
20.25	96
6.84	96
3108	96
71.6	96
0.047	96
3737	96
3939	96
2283	96
4207	96
4609	96
0.222	96
68.2	96
2619	96
7601	96
4224	96
2237	96
6106	96
11104	96
340.0	96
3648	96
7.85	96
11110	96
2888	96
-125	95
4740	95
2855	95
-674	95
4104	95
8.13	95
4343	95
6745555	95
5.74	95
7520	95
8.22	95
38.21	95
3013	95
73.3	95
89101	95
7110	95
799.99	95
2428	95
17.75	95
3636	95
2636	95
64.4	95
76.8	95
7510	95
2970	95
19107	95
425.0	95
3435	95
0.294	95
2517	95
2183	95
3035	95
3389	95
-140	95
6745544	95
360.0	95
42.02	95
2182	95
53.2	95
2348	95
2695	95
2699	95
2724	94
4490	94
11.07	94
4920	94
2482	94
4557	94
2638	94
2398	94
3704	94
5160	94
3133	94
7424	94
55.4	94
10027	94
2865	94
10.14	94
4655	94
269.99	94
4021	94
2791	94
10.36	94
2799	94
2164	94
-0.7	94
2792	94
32746	94
-972	94
3430	94
43.99	94
3724	94
3122	94
86.95	94
78704	94
3275	94
6701	94
59.7	94
2545	94
3223	94
6129558	94
20515	94
2627	94
2174	94
60.7	94
2574	94
7075	94
15.01	94
2273	94
2645	94
31222	93
22030	93
8444	93
3212	93
3190	93
7.87	93
23.75	93
3444	93
5810	93
2797	93
-749	93
126.0	93
10.1038	93
10032	93
3203	93
97.4	93
4315	93
2647	93
92626	93
5323	93
5359	93
5340	93
-250	93
2766	93
2172	93
5.96	93
4331	93
83.5	93
6850	93
3112	93
2691	93
60.1	93
2442	93
2814	93
4046	93
8.14	93
3925	93
3403	93
0.046	93
7.47	93
2996	93
0.198	93
31.49	93
4720	93
5801	93
22.75	93
102.3	93
6.73	93
6.37	93
58.8	93
2755	93
3615	93
3023	93
9.57	93
3745	93
6.58	93
4305	93
3525	93
5403	93
-2436	93
3178	93
4725	93
7.43	93
60610	93
4121	92
4730	92
4072	92
2365	92
3334	92
9007	92
6.68	92
4560	92
4180	92
2178	92
2265	92
7.94	92
2378	92
4616	92
2577	92
5353	92
2933	92
5215	92
255.0	92
2194	92
104.1	92
2187	92
0.056	92
2633	92
4204	92
2670	92
90071	92
4975	92
4012	92
6015	92
3033	92
9.24	92
3064	92
4205	92
5512	92
4483	92
6.72	92
72.6	92
8303	92
12.24	92
-6223	91
3181	91
3175	91
7.38	91
50.96	91
2945	91
-860	91
2389	91
5.87	91
2980	91
7801	91
0.1985	91
78750	91
5.41	91
11900	91
0.1995	91
8.53	91
63.3	91
2571	91
2907	91
4242	91
2917	91
59.2	91
4051	91
67.7	91
90036	91
14.94	91
1010010	91
3926	91
0.1987	91
4209	91
71.2	91
2374	91
60614	91
0.268	91
3104	91
9250	91
4440	91
3302	91
0.078	91
63.7	91
10.44	91
87.7	91
4022	91
2157	91
3825	91
3017	91
4437	91
2561	91
2547	91
2279	91
0.1994	91
3545	91
9660	91
2274	91
4260	91
104.7	91
5311	91
3802	91
4860	91
2849	91
2804	91
4570	91
3756	91
4791	91
5004	91
0.799	91
2462	90
9.38	90
112.0	90
4208	90
3625	90
2298	90
6060	90
6105	90
58.3	90
2492	90
950.0	90
3204	90
7101	90
5620	90
3048	90
2719	90
6.34	90
47.9	90
6108	90
449.99	90
8456	90
2372	90
2955	90
3888	90
5006	90
3995	90
94.95	90
2928	90
6131	90
4910	90
33.33	90
68.9	90
0.063	90
9.88	90
4821	90
29.75	90
19406	90
10.07	90
6901	90
3364	90
7625	90
3304	90
2236	90
27514	90
8201	90
4222	90
3412	90
3480	90
62.95	90
90048	90
2551	90
31.25	90
2975	90
4370	90
3810	90
64.6	90
2427	89
66.1	89
7.63	89
2621	89
4055	89
2708	89
0.1996	89
0.255	89
7002	89
6303	89
5212	89
4302	89
3170	89
4119	89
2539	89
9.65	89
2388	89
7450	89
10400	89
8.69	89
4515	89
3062	89
2745	89
2672	89
2628	89
2771	89
2369	89
4841	89
3019	89
54.4	89
2852	89
8.23	89
4425	89
0.104	89
6151	89
64648	89
5113	89
6320	89
0.296	89
4.875	89
2919	89
138.0	89
1001111	89
475.0	89
2542	89
75219	89
6.61	89
2613	89
3049	89
4591	89
0.039	89
4013	89
0.109	89
2624	89
16384	89
14.29	89
2394	89
147.0	89
2287	89
63110	89
52.3	89
61.6	89
65.1	89
10.13	89
3821	89
4225	88
2818	88
5.37	88
3815	88
4041	88
4039	88
3725	88
6021	88
6333	88
4848	88
61.3	88
3319	88
94107	88
5.68	88
7850	88
11100	88
4653	88
5650	88
3034	88
51.9	88
64.3	88
2529	88
33301	88
2387	88
3137	88
4216	88
2277	88
4035	88
2629	88
0.062	88
215.0	88
5901	88
4122	88
104.99	88
10002	88
6.88	88
2557	88
27215	88
5080	88
2749	88
0.285	88
49.98	88
4108	88
4519	88
88.6	88
4421	88
0.256	88
65.4	88
2631	88
102.1	88
4605	88
3506	88
-0.01	88
3508	88
54.3	88
4278	88
0.311	88
9850	88
3411	88
2358	88
2338	88
106.0	88
4525	87
4534	87
3235	87
3399	87
60.8	87
2617	87
63.4	87
4449	87
9201	87
3838	87
2383	87
2782	87
2829	87
52.6	87
9.52	87
14.03	87
51.99	87
239.99	87
64.2	87
7.46	87
92108	87
7.39	87
6270	87
8.38	87
2489	87
2729	87
8010	87
3063	87
6.42	87
3740	87
7940	87
0.1997	87
3183	87
2196	87
29.94	87
-3.0	87
7.37	87
117.0	87
8925	87
26.67	87
2089	87
4502	87
4940	87
2713	87
77.4	87
3135	87
90.2	87
6.79	87
2464	87
7106	87
2258	87
3511	87
86.5	86
9.22	86
4137	86
0.111	86
8.58	86
93.4	86
66.2	86
4143	86
66.8	86
5.78	86
3705	86
3365	86
2243	86
600000	86
2870	86
2537	86
2500.0	86
3777	86
4016	86
6.71	86
5766	86
2913	86
5402	86
3427	86
4930	86
97209	86
-130	86
3216	86
4.375	86
5331	86
3470	86
52.7	86
3455	86
4270	86
5833	86
0.064	86
2685	86
0.297	86
8850	86
0.312	86
2733	86
3812	86
3073	86
9.18	86
90046	86
60602	86
4145	86
3835	86
-102	86
3116	86
6401	86
84.8	86
3548	85
8910	85
2347	85
2781	85
91.4	85
2709	85
2646	85
63.9	85
0.0003	85
8482	85
7005	85
66.3	85
-207	85
86.4	85
1001001	85
2941	85
2599	85
85.7	85
6221	85
0.029	85
3261	85
2162	85
7901	85
6667	85
2757	85
3276	85
70.6	85
72.8	85
73.2	85
3309	85
2484	85
8260	85
3251	85
2591	85
10200	85
63.2	85
4445	85
3188	85
4805	85
6310	85
5235	85
2281	85
7501	85
6.87	85
0.034	85
0.167	85
2354	85
85016	85
58.1	85
6290	85
3499	85
2177	85
3043	85
3038	85
3061	85
3690	85
40.99	85
3719	84
9.44	84
333333	84
4155	84
0.273	84
7203	84
6.86	84
4032	84
5767	84
2467	84
123456789	84
4625	84
107.1	84
2839	84
14850	84
3872	84
0.265	84
3356	84
10.35	84
59.3	84
2882	84
5478	84
-735881472	84
3414	84
101.6	84
30313	84
3460	84
10.24	84
6.43	84
25170	84
43210	84
3246	84
3961	84
2147	84
12.48	84
3754	84
6340	84
4405	84
-104	84
1001110	84
95008	84
96.8	84
76.3	84
15.29	84
4790	84
8.37	84
3209	84
12.11	84
3295	84
4535	84
95.8	84
6122	84
2376	84
4415	84
8450	84
66.67	84
7921	84
0.118	84
2775	84
3702	84
7150	83
4280	83
3331	83
7.34	83
8.85	83
2696	83
69.4	83
8050	83
7.54	83
2706	83
4747	83
3602	83
0.102	83
11.26	83
4355	83
-180	83
39.91	83
94109	83
3252	83
10024	83
3395	83
3388	83
20.01	83
3842	83
89.6	83
30309	83
59.6	83
60.4	83
2486	83
2158	83
7.73	83
93940	83
67.9	83
99.98	83
8302	83
3819	83
72.4	83
3132	83
10007	83
12800	83
10.06	83
4009	83
3217	83
4312	83
5055	83
3580	83
5011	83
7370	83
4403	83
6.96	83
205.0	83
11.22	83
6133	83
102.9	83
10900	83
0.295	83
24.49	83
7401	83
3833	83
4290	82
4631	82
9.33	82
55.95	82
70.4	82
103.3	82
105.5	82
50.99	82
2179	82
2367	82
60.9	82
2641	82
106.3	82
81.8	82
4432	82
4503	82
59.1	82
4499	82
8.42	82
92008	82
3733	82
-206	82
29.85	82
3168	82
4416	82
3592	82
3458	82
7851	82
9.56	82
7970	82
0.1991	82
3106	82
2437	82
4942	82
6880	82
3603	82
6902	82
320.0	82
76.4	82
4546	82
8.67	82
3370	82
2944	82
11.13	82
5.61	82
68.7	82
17112	82
78.9	82
11.17	82
4608	82
3618	82
63000	82
53.8	82
4068	82
3255	82
82.4	82
84.4	82
0.282	82
3207	82
4352	82
19.79	82
0.1982	82
67.4	82
4522	82
57.95	82
4963	82
6126	82
3379	82
78.3	81
9.96	81
0.1993	81
2594	81
3162	81
3495	81
5425	81
3142	81
95.2	81
61.9	81
3608	81
90069	81
2764	81
0.188	81
97205	81
0.1992	81
2668	81
4223	81
0.1986	81
96815	81
1101001	81
83.6	81
4511	81
3512	81
30328	81
2718	81
-201	81
4840	81
39.97	81
0.059	81
4228	81
4095	81
0.304	81
4680	81
2614	81
6520	81
3915	81
2618	81
62.9	81
5.72	81
4391	81
6080	81
2578	81
2716	81
4303	81
97333	81
13.29	81
2678	81
2991	81
6040	81
7.88	81
3906	81
3706	81
6225	81
5045	81
4255	81
9030	81
8560	81
2648	81
3113	81
3927447	80
48109	80
2793	80
329.0	80
-361	80
11103	80
8457	80
6109	80
2732	80
3322	80
5025	80
6066	80
-115	80
4812	80
70.9	80
2892	80
7.52	80
91.8	80
6104	80
3279	80
12.89	80
4203	80
4402	80
96.2	80
168.0	80
5325	80
8088	80
3269	80
4008	80
9.78	80
6555	80
32256	80
5312	80
3229	80
55.8	80
209.99	80
4356	80
8006	80
3635	80
3290	80
85281	80
5762	80
75.1	80
2759	80
7.91	80
11.29	80
57.99	80
144.0	80
3770	80
2673	80
94538	80
7024	80
4460	80
2189	80
80204	80
3670	80
9693	80
3827	80
2827	80
3161	80
5443	80
5410	80
80112	80
46204	80
7111	80
-133	80
2493	80
2951	80
0.225	80
14.19	80
85.4	80
106.9	80
2871	80
5308	80
4309	80
3791	80
112.5	80
78.4	80
13.33	80
3894	80
62.8	80
5032	80
3079	79
3245	79
2163	79
-6171	79
7102	79
4226	79
3056	79
63.8	79
3890	79
3195	79
10.63	79
5454	79
2523	79
-301	79
3342	79
2654	79
0.234	79
3036	79
94123	79
2717	79
3583	79
2662	79
4488	79
4092	79
2832	79
3156	79
29.88	79
5090	79
111.0	79
449.0	79
3911	79
2297	79
66.9	79
2371	79
4127	79
3431	79
12601	79
22.25	79
53.95	79
10.71	79
10.09	79
93.2	79
107.7	79
4251	79
4134	79
264.7	79
2984	79
6234	79
91411	79
89119	79
69.3	79
110.5	79
7094	79
4029	79
4304	79
3785	79
10.39	79
5073	79
-875	79
8.89	79
69.2	79
3173	79
124.0	79
4327	79
46202	79
33040	79
98103	79
10100	79
11.09	79
4521	79
62.6	79
5009	79
9191	79
4319	78
6611	78
8.47	78
0.267	78
0.076	78
2693	78
6.51	78
2763	78
3729	78
4807	78
95.1	78
0.269	78
549.0	78
2667	78
0.204	78
2735	78
0.323	78
77.8	78
8.44	78
13.79	78
4636	78
3803	78
81.3	78
80538	78
12.12	78
10.31	78
4107	78
10.18	78
4756	78
7200.11	78
3865	78
20060101	78
2812	78
3463	78
259.99	78
3029	78
3326	78
5302	78
71.8	78
19.49	78
98225	78
3214	78
4755	78
61.7	78
90045	78
2728	78
2794	78
-1249	78
7183	78
4062	78
4404	78
3528	78
3663	78
8550	78
0.281	78
2268	78
4486	78
4026	78
-574	78
4115	78
0.259	78
4473	78
4775	78
14.59	78
3299	78
0.321	78
6012	78
2381	78
69.1	78
4042	78
8060	78
21205	78
5251	78
4014	78
2833	78
-0.02	78
9.58	78
4288	78
4630	78
2953	78
2656	77
3313	77
3817	77
3723	77
7.67	77
9555	77
4306	77
4911	77
19.77	77
4431	77
6.53	77
74.9	77
2868	77
30339	77
67.8	77
3127	77
8.63	77
5278	77
695.0	77
3422	77
10.55	77
5115	77
8.66	77
2772	77
7840	77
3404	77
0.105	77
2861	77
2845	77
9.27	77
0.106	77
7.83	77
4412	77
1010011	77
96.4	77
94.2	77
0.313	77
229.95	77
2564	77
3641	77
2488	77
34747	77
33131	77
75.3	77
3224	77
2292	77
9.48	77
410380	77
4066	77
3699	77
23.25	77
3658	77
2826	77
3809	77
4477	77
73.9	77
2546	77
3707	77
5240	77
3621	77
3964	77
3612	77
5843	77
3189	77
9.62	77
5.77	77
2576	77
0.107	77
5021	77
3353	77
90291	77
5309	77
67.6	77
4673	77
6.77	77
4645	76
4561	76
-665176394	76
5018	76
3534	76
4423	76
3380	76
285.0	76
0.292	76
4133	76
2778	76
5221	76
3409	76
2391	76
2983	76
101.7	76
78.2	76
3046	76
0.187	76
4428	76
4142	76
3242	76
4811	76
4031	76
10.76	76
4690	76
4345	76
2278	76
3974	76
5051	76
4135	76
0.7345	76
58.6	76
80.6	76
8860	76
-7543	76
2714	76
3509	76
66.4	76
16865	76
82.1	76
4408	76
2885	76
62.3	76
28.75	76
5430	76
0.8041	76
55.3	76
30305	76
4537	76
71.99	76
3514	76
4341	76
4693	76
4317	76
3215	76
2567	76
3244	76
3677	76
73.4	76
3516	76
4334	76
-2449	76
3855	76
2747	76
124.95	76
4335	76
3071	76
19.25	76
94321	76
4099	76
-225	76
61.1	76
2889	76
99201	76
359.0	76
2878	76
3622	76
71.7	76
8.57	76
4033	76
19.96	76
16.19	76
2854	76
3041	76
15222	76
3372	76
94080	76
80501	76
4045	76
3814	76
2738	76
4769	76
21224	76
5420	76
99999	76
68000	76
94.4	76
8.64	76
7820	76
3335	76
-1749	76
6130	76
-160	76
60.2	76
2479	76
3675	76
7.68	76
6006	75
2779	75
0.175	75
749.0	75
-111	75
4380	75
4448	75
4471	75
9.32	75
9.72	75
3027	75
2436	75
9.34	75
32768	75
0.252	75
2931	75
4152	75
-320	75
3753	75
4190	75
97214	75
3432	75
4777	75
-6.5	75
83.8	75
3058	75
12.08	75
3149	75
0.7964	75
6005	75
4093	75
0.316	75
3423	75
2739	75
78.1	75
6710	75
6830	75
12.55	75
19102	75
114.99	75
3042	75
5503	75
4239	75
9513	75
2864	75
107.0	75
3624	75
4739	75
2538	75
4509	75
4465	75
3233	75
74.2	75
2293	75
-422	75
4094	75
0.8054	75
3288	75
3760	75
3651	75
4106	75
69.8	75
2765	75
0.277	75
10.94	75
4959	75
3955	75
4074	75
74.1	75
2834	75
4713	75
0.875	75
94025	75
2556	75
3876	75
3084	75
3077	75
4325	75
0.041	75
3344	75
2753	75
4702	75
77.2	75
5920	75
40509	74
4322	74
10.89	74
4023	74
0.9999	74
72.3	74
3219	74
3361	74
3944	74
65616	74
92.4	74
0.288	74
60515	74
3123	74
2697	74
4925	74
3256	74
3503	74
8750	74
6.82	74
29.96	74
2938	74
87.6	74
8.51	74
4037	74
3039	74
7.78	74
3151	74
12.39	74
4027	74
10.21	74
0.283	74
8804	74
2456	74
-220	74
3434	74
56.99	74
5205	74
72.1	74
87.9	74
87.2	74
17.09	74
3234	74
5720	74
107.3	74
4646	74
9.93	74
2541	74
4666	74
4332	74
5335	74
92103	74
7.51	74
70.2	74
76.9	74
3804	74
60612	74
265.0	74
61801	74
8150	74
-108	74
0.103	74
0.224	74
3314	74
11500	74
2916	74
5116	74
4364	74
3022	74
5013	74
-303	74
-205	74
13.11	74
49.97	73
93.6	73
2589	73
4307	73
3581	73
3735	73
4195	73
94.6	73
75.6	73
2639	73
4229	73
0.301	73
75206	73
10.51	73
9.53	73
4862	73
29.82	73
3935	73
12.09	73
0.289	73
5224	73
189.95	73
0.1984	73
3721	73
16.67	73
4654	73
4641	73
1010100	73
5023	73
3324	73
4077	73
9.81	73
5065	73
6.83	73
4261	73
6450	73
4059	73
3228	73
0.122	73
10.59	73
80203	73
5186	73
4316	73
3026	73
3358	73
2769	73
3665	73
2487	73
3947	73
3274	73
12.16	73
0.318	73
80631	73
4157	73
4512	73
5460	73
7.82	73
4243	73
30096	73
4540	73
90035	73
6033	73
3907	73
3107	73
11.43	73
4484	73
5031	73
4267	73
2485	73
5740	73
2677	73
795.0	73
11.35	73
30.25	73
7103	73
3715	73
7609	73
34000	73
68.4	73
3902	73
3095	73
7012	72
60657	72
6405	72
5854	72
3649	72
10.1002	72
4676	72
3683	72
5441	72
2788	72
4966	72
3703	72
4704	72
-270	72
4427	72
4098	72
3741	72
3519	72
2736	72
4995	72
4169	72
3527	72
94111	72
2393	72
91.2	72
0.156	72
7.53	72
8.36	72
2568	72
4592	72
12.03	72
4677	72
2289	72
2992	72
73.7	72
30.12	72
28202	72
4139	72
7835	72
-260	72
80.7	72
6085	72
8085	72
4407	72
4819	72
5477	72
32792	72
12.69	72
96.6	72
0.112	72
85.9	72
10.28	72
5360	72
3867	72
2671	72
13485	72
3328	72
5830	72
3094	72
3806	72
80634	72
3878	72
20.49	72
5765	72
11.08	72
4802	72
499.95	72
2572	72
4231	72
5411	72
0.349	72
59.98	72
3378	72
2723	72
18.49	72
2471	72
5245	72
75008	72
4960	72
11.59	72
5211	72
2758	72
3155	72
4529	72
4079	72
3521	72
84.2	72
3491	72
2579	72
29401	72
0.324	72
3826	72
3954	72
3818	72
0.1989	72
-310	72
3766	72
4256	72
20260	72
75.9	72
3165	72
7270	72
55402	72
-8796	72
-0.25	72
1100001	72
0.072	72
4590	72
7006	72
60605	71
10121	71
77.6	71
3975	71
30318	71
-939	71
4647	71
8.34	71
3059	71
4491	71
3614	71
5387	71
4839	71
4843	71
0.328	71
-232	71
2873	71
2566	71
4368	71
5180	71
88888888	71
3406	71
9.55	71
10009	71
4429	71
3443	71
4351	71
30.09	71
4329	71
5121	71
3317	71
3192	71
2463	71
4091	71
-230	71
5170	71
81.6	71
9.77	71
2881	71
4806	71
4124	71
5711	71
87.8	71
4435	71
60.99	71
3775	71
82.3	71
4745	71
4075	71
0.344	71
11.14	71
10065	71
420.0	71
3285	71
4028	71
3873	71
4369	71
0.335	71
10.29	71
3573	71
4965	71
98121	71
3286	71
4146	71
8.73	71
5209	71
83.4	71
2768	71
4875	71
10.26	71
5175	71
6460	71
3028	71
5316	71
4656	71
5218	71
12.47	71
4314	71
4357	71
4818	71
0.115	71
4123	71
12.33	71
2985	71
84.6	71
2469	71
3347	71
3965	71
3088	71
3627	71
-280	71
4436	71
-216	71
36000	71
3213	71
2286400	71
3606	71
11217	70
5304	70
3607	70
3368	70
10.47	70
0.278	70
9.36	70
4648	70
0.317	70
2785	70
7.57	70
6682	70
5252	70
87.4	70
60622	70
4481	70
3405	70
-103	70
9351	70
0.266	70
3874	70
0.114	70
21.75	70
4058	70
15.96	70
6940	70
18.45	70
-170	70
2847	70
9090	70
20.75	70
5105	70
3076	70
4468	70
4430	70
3531	70
4422	70
4705	70
0.314	70
3119	70
3816	70
3637	70
4061	70
8816	70
15.24	70
19106	70
4717	70
4859	70
2734	70
5446	70
14.85	70
7930	70
8.77	70
17601	70
3351	70
4678	70
3465	70
20410	70
81.1	70
7071	70
80.8	70
90211	70
75.7	70
12.07	70
0.1988	70
2899	70
4607	70
3408	70
75.99	70
3341	70
72.2	70
75555	70
2965	70
3490	70
4640	70
2863	70
4294	70
5525	70
4052	70
89.2	70
0.429	70
3391	70
2643	70
8822	70
2891	70
4388	70
3714	70
6288	70
73.8	70
4214	70
2197	70
7.84	70
2497	70
4649	70
-932	70
3722	70
4611	70
6905	70
13.05	70
2932	70
30801	70
2569	70
98195	70
4048	70
75240	70
3044	70
7308	70
3518	70
4708	69
9801	69
97223	69
19000	69
5710	69
3176	69
2963	69
3451	69
5999	69
7.71	69
2498	69
14.36	69
4551	69
3417	69
4912	69
0.182	69
3446	69
-190	69
9.28	69
4861	69
1.125	69
3883	69
4019	69
4443	69
4935	69
65.99	69
4718	69
22120	69
3329	69
0.143	69
0.307	69
5103	69
7.42	69
4442	69
5333	69
3813	69
-1.4	69
7.86	69
78.8	69
3507	69
2596	69
38.25	69
4375	69
379.0	69
3611	69
5270	69
7.81	69
4227	69
3761	69
3308	69
2676	69
12.06	69
0.254	69
2948	69
127.0	69
4532	69
3633	69
6140	69
9004	69
5925	69
4555	69
4635	69
3807	69
5465	69
3464	69
525.0	69
30341	69
91406	69
3978	69
4088	69
3265	69
3799	69
5471	69
-508	69
5491	69
-360	69
3811	69
-122	69
83.2	69
86.3	69
2726	69
4237	69
3475	69
3231	69
4361	69
6.41	69
3541	69
7.76	69
88.8	69
198.0	69
3087	69
3074	69
9.82	69
-158	69
3474	69
2918	69
4941	69
12.02	69
3318	69
9.74	69
4618	69
4323	69
2989	69
4621	69
3916	69
3278	69
94010	69
2741	69
4536	69
6607	69
80.2	69
4071	69
2457	69
13.12	69
8802	68
72201	68
910280	68
3929	68
4365	68
4464	68
5034	68
0.248	68
4274	68
4849	68
10.48	68
4268	68
2819	68
4085	68
0.258	68
4447	68
4424	68
84.9	68
-213	68
5602	68
5.81	68
3449	68
27566	68
2776	68
6615	68
7395	68
4524	68
-889	68
4736	68
14500	68
3960	68
4406	68
4722	68
4604	68
4235	68
-138	68
40.95	68
-203	68
-336	68
3922	68
4514	68
4034	68
3921	68
5075	68
24.25	68
2746	68
3239	68
-366	68
48202	68
4318	68
3993	68
5033	68
38103	68
8.78	68
0.085	68
-2003	68
30.08	68
6205	68
3732	68
4902	68
80.1	68
3866	68
82.9	68
29201	68
3616	68
3748	68
49555	68
2934	68
32767	68
90017	68
3839	68
4359	68
2762	68
3163	68
3537	68
5184	68
27262	68
101.3	68
90212	68
4945	68
12.79	68
3919	68
73.1	68
-222	68
4382	68
-116	68
229537	68
4131	68
3429	68
7018	68
4470	68
2573	68
5603	68
80111	68
3875	68
4953	68
3057	68
10.23	68
76.1	68
48226	68
3571	68
45241	68
5840	68
2743	68
33133	68
-106	67
7120	67
33401	67
16.45	67
-145	67
12.13	67
94108	67
28801	67
4053	67
2952	67
0.141	67
5202	67
3822	67
29.25	67
13.15	67
89502	67
6457	67
3118	67
5580	67
5415	67
7.66	67
7740	67
4117	67
4128	67
4588	67
82.2	67
13.39	67
3992	67
3478	67
71.9	67
4516	67
4438	67
3778	67
4463	67
3533	67
-0.03	67
4881	67
60603	67
4566	67
79.6	67
3849	67
3083	67
21701	67
2936	67
3336	67
3639	67
5041	67
4823	67
2587	67
4273	67
4531	67
4232	67
3136	67
3258	67
74.3	67
3844	67
3139	67
4872	67
3644	67
2397	67
4185	67
3294	67
4419	67
5588	67
4426	67
2879	67
10330	67
5165	67
9.39	67
4772	67
7243	67
34.98	67
-119	67
9.92	67
4179	67
5135	67
3631	67
78759	67
5305	67
3908	67
70.51	67
7135	67
4198	67
14.31	67
4446	67
-265	67
12.44	67
4495	67
3268	67
4097	67
4353	67
2935	67
5191	67
55455	67
5260	67
0.208	67
4494	66
3716	66
2754	66
3589	66
3781	66
7.74	66
2838	66
2789	66
3144	66
3143	66
14.24	66
7105	66
4241	66
25.75	66
3416	66
4474	66
5547	66
30004	66
53703	66
2282	66
33.75	66
4933	66
100.4	66
97006	66
12.17	66
5355	66
90064	66
64.1	66
6760	66
3247	66
3718	66
10.42	66
4218	66
3208	66
13.09	66
1101111	66
3284	66
4175	66
5007	66
22.98	66
55.555	66
5029	66
3846	66
3523	66
6.91	66
67.2	66
6440	66
3448	66
5303	66
30144	66
134.99	66
60201	66
3089	66
38000	66
58.95	66
-900	66
4714	66
2927	66
2783	66
1000011	66
6041	66
4695	66
70.7	66
3445	66
4417	66
400000	66
67.99	66
114.95	66
14.15	66
3157	66
68.1	66
4825	66
5114	66
4081	66
4244	66
11.88	66
4168	66
4580	66
28277	66
86.8	66
3323	66
4482	66
20877	66
5307	66
3744	66
-113	66
30350	66
200809	66
4852	66
-135	66
-983	66
0.131	66
3904	66
90001	66
3836	66
2659	66
0.216	66
-0.05	66
4371	66
68.3	66
4234	66
9.63	66
3562	66
4054	66
29.92	66
3708	66
3332	66
9.43	66
2949	66
-107	66
4657	66
5107	66
6035	66
4766	66
4642	66
94040	66
4475	66
3442	66
8.56	66
2774	66
88.4	65
7222	65
3018	65
2742	65
-970	65
4602	65
0.135	65
2773	65
3673	65
2923	65
71.3	65
5068	65
30.03	65
46322	65
5119	65
3558	65
2986	65
5893	65
92612	65
0.306	65
3739	65
4992	65
4737	65
-2.3	65
3788	65
3823	65
3138	65
13.46	65
2584	65
10101	65
5532	65
3154	65
8.32	65
19355	65
0.051	65
5014	65
2637	65
9.71	65
50010	65
2841	65
3626	65
16949	65
5148	65
4816	65
6013	65
2694	65
5761	65
10.58	65
10128	65
4173	65
84116	65
10.22	65
5017	65
5208	65
4780	65
4197	65
91302	65
12.29	65
0.1983	65
4577	65
4219	65
13.58	65
-114	65
3369	65
7.93	65
4126	65
8.43	65
3931	65
3985	65
37738	65
4344	65
3751	65
4845	65
4696	65
4632	65
92.2	65
82.7	65
4857	65
7220	65
3126	65
33309	65
8.62	65
4479	65
5758	65
-2004	65
94117	65
2987	65
3069	65
8620	65
-217	65
4073	65
4906	65
4249	65
75.4	65
2867	65
5351	65
14.05	65
4433	65
30.07	65
4715	65
7.41	65
10.1111	65
6011	65
3986	65
6025	65
17.15	65
3532	65
4172	65
4732	65
-123	65
90401	65
26.25	65
3243	65
5345	65
4980	65
7760	65
3834	65
-944	65
3266	65
4651	65
6160	65
79.8	65
5734	65
3734	65
3522	64
1.375	64
3832	64
3466	64
6525	64
4603	64
5126	64
5656	64
3956	64
4742	64
75243	64
7039	64
3153	64
0.231	64
5439	64
5048	64
4466	64
-946	64
3989	64
4554	64
9.86	64
-1.6	64
4970	64
5016	64
4667	64
4809	64
0.291	64
4451	64
3259	64
5204	64
3526	64
4575	64
0.274	64
0.227	64
11.56	64
4523	64
89102	64
21204	64
29928	64
4459	64
2837	64
90027	64
4706	64
30.15	64
4619	64
0.192	64
4684	64
2752	64
5152	64
99501	64
-121	64
4252	64
3666	64
4828	64
13.19	64
6032	64
3081	64
3731	64
4339	64
7042	64
8009	64
4944	64
3936	64
7470	64
-876	64
3467	64
3657	64
0.132	64
85251	64
4909	64
-256	64
4284	64
4347	64
2674	64
37214	64
2972	64
82.6	64
75.8	64
10.38	64
0.057	64
6170	64
2997	64
3862	64
67425	64
-327	64
3164	64
5108	64
3481	64
87.99	64
2961	64
4163	64
2683	64
5455	64
86.9	64
3752	64
2856	64
4961	64
116.0	64
10800	64
5122	64
4269	64
3227	64
91304	64
4018	64
-286	64
16.15	64
0.284	64
132.0	64
0.0625	64
94704	64
2858	64
13.65	64
42.46	64
5241	64
11.94	64
4783	64
46240	64
3728	64
3952	64
21.11	64
4338	64
48104	64
0.049	64
3667	64
4952	64
77.1	64
379.99	64
5515	64
3263	64
24.97	64
123.0	64
4462	64
3609	64
9203	63
4487	63
2698	63
5616	63
3980	63
5146	63
4803	63
-350	63
3536	63
-254	63
9385	63
3343	63
7240	63
4606	63
3433	63
9601	63
2786	63
5106	63
97401	63
8623	63
7011	63
8707	63
0.287	63
5052	63
6144	63
4929	63
2887	63
9.47	63
8022	63
3629	63
3736	63
4731	63
4771	63
22202	63
0.239	63
4178	63
3413	63
4469	63
13132	63
3539	63
2954	63
6003	63
9050	63
80537	63
5053	63
13.48	63
7260	63
3877	63
17.85	63
10.37	63
4354	63
2286	63
4865	63
4998	63
-888	63
4299	63
0.251	63
3709	63
4109	63
-2.1	63
235.0	63
3552	63
12.22	63
4582	63
5022	63
5071	63
6226	63
158.0	63
0.116	63
3652	63
8.71	63
-665176393	63
8502	63
5223	63
7009	63
75204	63
86.7	63
6412	63
4955	63
97701	63
0.113	63
4038	63
4192	63
90802	63
9120	63
29577	63
0.302	63
3099	63
7712	63
4129	63
5231	63
2846	63
7860	63
4467	63
4191	63
14.14	63
3767	63
-874	63
4757	63
2994	63
5660	63
4658	63
3681	63
4921	63
4399	63
90.6	63
-312	63
4672	63
4760	63
4703	63
4634	63
10.68	63
5253	63
56.95	63
80206	63
3147	62
5028	62
4413	62
4721	62
6213	62
4063	62
1101110	62
4864	62
-954	62
2583	62
3885	62
3371	62
6633	62
0.145	62
20210	62
4504	62
4622	62
2884	62
87501	62
4114	62
4156	62
3338	62
4253	62
103.2	62
7973	62
11.93	62
4894	62
85.8	62
5133	62
3454	62
3949	62
-252	62
3943	62
98.99	62
2008.1	62
5118	62
0.123	62
0.305	62
3134	62
3152	62
3549	62
4279	62
5611	62
5408	62
4381	62
4171	62
3226	62
8.74	62
14450	62
5845	62
9040	62
0.128	62
3938	62
4939	62
4671	62
3468	62
8.93	62
4679	62
94596	62
5037	62
4931	62
4768	62
7730	62
5322	62
94607	62
92.6	62
-129	62
4363	62
5472	62
23219	62
4743	62
4293	62
2748	62
3272	62
5026	62
3899	62
51.95	62
4177	62
4328	62
3742	62
75013	62
3623	62
7350	62
3599	62
-275	62
-905	62
4691	62
3582	62
2981	62
28013	62
5763	62
2681	62
3567	62
0.272	62
5771	62
85018	62
10.96	62
4326	62
2974	62
4795	62
4712	62
4804	62
3.875	62
4418	62
4829	62
9.64	62
3798	62
0.121	62
4252091	62
0.1981	62
0.165	62
4233	62
3765	62
4716	62
6.92	62
-2.6	62
0.327	62
4492	62
4762	62
75150	62
2787	62
5640	62
33160	62
3363	62
3757	62
4485	62
4507	62
4967	62
3085	62
4165	62
3566	62
10.78	62
479.99	62
224.99	62
9.51	62
33316	62
3968	62
4252093	62
5680	62
3366	61
3452	61
84101	61
-136	61
14.89	61
4844	61
4116	61
4398	61
95014	61
4287	61
259.95	61
0.084	61
5655	61
4565	61
3851	61
5024	61
90292	61
-302	61
148.0	61
0.205	61
4639	61
23451	61
94608	61
4527	61
4814	61
7720	61
2684	61
95113	61
83.9	61
5536	61
-2.2	61
3619	61
3963	61
0.571	61
6009	61
0.136	61
0.238	61
8580	61
3927	61
78.7	61
4675	61
14853	61
32114	61
7876	61
4974	61
44308	61
5449	61
2843	61
2883	61
649.0	61
3891	61
66210	61
4149	61
3568	61
5625	61
4948	61
0.364	61
9456	61
8028	61
4767	61
-124	61
7360	61
10029	61
12.85	61
4454	61
10.27	61
6516	61
53226	61
32771	61
3392	61
2857	61
97301	61
30076	61
3726	61
-159	61
3574	61
5171	61
11.65	61
4927	61
30080	61
7405	61
-415	61
92.8	61
-196	61
30022	61
3529	61
2689	61
4753	61
77.3	61
4741	61
2276	61
197.0	61
7200.1	61
4189	61
43.75	61
0.094	61
-7.5	61
2982	61
26.98	61
3236	61
0.229	61
33607	61
2959	61
80525	61
4136	61
72.9	61
4597	61
12205	61
4342	61
97201	61
0.309	61
2527	61
85.2	61
2598	61
0.054	61
4.625	61
11.66	61
6515	61
30322	61
-305	61
84.3	61
46032	61
8.61	61
4583	61
5786	61
4719	61
3617	61
94501	60
122.0	60
3037	60
4387	60
0.133	60
-3000	60
93101	60
80524	60
6565	60
4044	60
4409	60
4057	60
3773	60
3489	60
4147	60
3551	60
3248	60
152.0	60
3914	60
4947	60
-126	60
3184	60
3613	60
-24903355	60
4024	60
-408	60
4563	60
0.293	60
9888	60
3352	60
6315	60
4996	60
20510	60
0.455	60
3373	60
5233	60
78703	60
4276	60
9003	60
-713072601	60
-24903344	60
6202	60
10006	60
5112	60
94720	60
1110100	60
7394	60
8011	60
4552	60
4726	60
4873	60
4452	60
4188	60
3951	60
7.58	60
5751	60
3148	60
4544	60
2973	60
6488	60
7747	60
0.0004	60
44113	60
69.7	60
13.94	60
11747	60
19130	60
5560	60
5404	60
0.298	60
11.28	60
4686	60
4434	60
8301	60
0.325	60
37027	60
80.9	60
7728	60
7130	60
4888	60
4664	60
5380	60
2978	60
6410	60
11400	60
59101	60
4281	60
7778	60
4782	60
-238	60
7506	60
7025	60
5054	60
3634	60
4439	60
0.341	60
5044	60
4113	60
5615	60
3185	60
3743	60
4324	60
3831	60
4313	60
94.8	60
3889	60
4815	60
7714	60
100.9	60
5132	60
-215	60
15.05	60
4907	60
91016	60
7932	60
21.59	60
3145	60
4883	60
3544	60
33304	60
4904	60
89.8	60
2942	60
8.91	60
3795	60
0.276	60
76.46	60
7652	60
3362	60
4308	59
12.43	59
3271	59
3191	59
16.14	59
5242	59
4699	59
2679	59
5077	59
4614	59
83.7	59
18.01	59
5036	59
3642	59
4206	59
77.7	59
5085	59
319.0	59
3384	59
5428	59
92614	59
3712	59
9.41	59
4067	59
3293	59
4874	59
4892	59
4617	59
94710	59
3169	59
9.37	59
3856	59
4652	59
4461	59
315.0	59
5775	59
0.126	59
114.3	59
7205	59
5290	59
26.75	59
2731	59
5161	59
5334	59
95630	59
4181	59
30093	59
23.96	59
25.49	59
5672	59
4738	59
11950	59
11.54	59
3067	59
4903	59
0.271	59
3182	59
80.3	59
11.33	59
2386	59
0.207	59
4922	59
5063	59
3345	59
118.96	59
0.068	59
2896	59
0.237	59
-192	59
330.0	59
74.8	59
4236	59
30067	59
5038	59
3267	59
0.326	59
65.9	59
2483	59
3257	59
4526	59
4794	59
3672	59
5356	59
2593	59
4295	59
5479	59
32611	59
5851	59
85004	59
7304	59
310.0	59
40202	59
7280	59
4049	59
30.28	59
2796	59
4629	59
7550	59
4594	59
-233	59
-965	59
625.0	59
8.83	59
4727	59
5456	59
8.86	59
4835	59
3679	59
4298	59
16.09	59
4832	59
7235	59
7831	59
4472	59
4572	59
4789	59
3991	59
4118	59
76.6	59
9010	59
4282	59
6350	59
7301	59
4548	59
3784	59
3569	59
7031	59
5721	59
77396	59
0.263	59
0.232	59
5136	59
3923	59
339.0	59
4395	59
60025	59
60647	59
3848	59
5155	59
3086	59
4385	59
83000	59
9.67	59
4568	59
4924	59
3447	59
65.95	59
3917	58
3171	58
6063	58
5082	58
5213	58
2586	58
3158	58
6920	58
3546	58
4162	58
92802	58
27.27	58
4833	58
4553	58
7007	58
4918	58
4749	58
0.247	58
4707	58
5087	58
-907	58
8.41	58
2585	58
4908	58
7810	58
3542	58
8.84	58
4389	58
0.189	58
6049	58
82.8	58
-197	58
4238	58
3789	58
0.176	58
91355	58
4954	58
9714	58
5511	58
5495	58
-1.3	58
80303	58
5506	58
11.27	58
4000.0	58
12.31	58
3471	58
6605	58
380.0	58
86.1	58
9810	58
2998	58
2962	58
4367	58
60007	58
4895	58
10300	58
3971	58
3393	58
4893	58
3852	58
4132	58
0.214	58
0.233	58
30342	58
4943	58
4919	58
4735	58
4744	58
4778	58
3277	58
0.211	58
-231	58
-930	58
4615	58
12.14	58
5820	58
50309	58
6.81	58
5262	58
21218	58
60618	58
2946	58
3547	58
4682	58
7052	58
0.444	58
30.04	58
3918	58
3727	58
4978	58
5288	58
6016	58
-0.04	58
-617	58
-134	58
7090	58
3187	58
120000	58
0.124	58
6180	58
-117	58
4148	58
156.0	58
75.95	58
25.01	58
649.99	58
5821	58
7705	58
5566	58
8111	58
75202	58
34.25	58
5735	58
17.97	58
12.38	58
23.49	58
3218	58
83814	58
90.4	58
80903	58
94303	58
4383	58
0.083	58
-306	58
6055	58
7799	58
79.4	58
4047	58
4187	58
-359	58
-112	58
0.257	58
3564	58
3998	57
22.91	57
12.51	57
2798	57
11.57	57
5590	57
4543	57
8350	57
23.98	57
60604	57
92630	57
4709	57
7407	57
5207	57
84.1	57
3327	57
-304	57
-0.14	57
96150	57
6730	57
-1999	57
97124	57
0.171	57
7211	57
0.235	57
2862	57
4272	57
0.405	57
33511	57
75074	57
14221	57
7780	57
5197	57
3359	57
5508	57
5811	57
4571	57
5777	57
29464	57
34102	57
0.134	57
430.0	57
7.72	57
20190	57
33602	57
20415	57
92704	57
0.129	57
29.69	57
4851	57
-187	57
3561	57
3749	57
66061	57
4065	57
6265	57
440.0	57
5131	57
4533	57
-218	57
9950	57
5719	57
4508	57
4994	57
17.05	57
4688	57
6107	57
10700	57
8015	57
4986	57
5621	57
11.87	57
98201	57
5039	57
-164	57
4166	57
3283	57
2894	57
2658	57
3988	57
3772	57
4556	57
12.04	57
3763	57
-118	57
61820	57
3632	57
-953	57
5575	57
4183	57
-502	57
42000	57
67622	57
5635	57
4581	57
12.91	57
22.46	57
33324	57
11.81	57
0.195	57
0.092	57
3913	57
8033	57
4386	57
3638	57
-246	57
0.203	57
5432	57
3554	57
0.279	57
3253	57
3694	57
94104	57
3594	57
3538	57
0.355	57
8360	57
4193	57
65.6	57
6136	57
5329	57
27609	57
85254	57
4271	57
3579	57
4138	57
4662	57
0.154	57
94568	57
3177	57
3577	57
3969	57
5206	56
4972	56
4176	56
5627	56
81.4	56
16.29	56
164.0	56
895.0	56
6445	56
19200	56
60616	56
3426	56
91604	56
5091	56
4728	56
4913	56
10.65	56
-404	56
3771	56
92109	56
-161	56
3997	56
5482	56
74.7	56
10.32	56
5346	56
3557	56
15.97	56
154.0	56
3884	56
16802	56
3316	56
6277	56
480.0	56
5507	56
5061	56
4196	56
-155	56
21.98	56
6930	56
3172	56
-165	56
4638	56
3895	56
8810	56
10600	56
345.0	56
5109	56
74.6	56
27709	56
6790	56
3287	56
4266	56
4836	56
4661	56
0.246	56
3864	56
-887	56
45242	56
3193	56
70112	56
8.87	56
6420	56
35.25	56
8040	56
11.34	56
5860	56
4254	56
3146	56
85014	56
94301	56
95.6	56
5517	56
12.94	56
84.7	56
5027	56
12.56	56
4613	56
10.56	56
7836	56
4612	56
0.197	56
3.125	56
5483	56
4089	56
-873	56
6231	56
3078	56
0.245	56
2947	56
85255	56
899.99	56
3854	56
44115	56
55401	56
4863	56
5940	56
85308	56
3262	56
4182	56
32701	56
11800	56
9750	56
9350	56
9905	56
94566	56
5117	56
29.89	56
20460	56
10.87	56
11.47	56
83.1	56
5226	56
4518	56
2761	56
4674	56
5042	56
13.55	56
-174	56
3000000	56
7044	56
5540	56
5035	56
3987	56
3669	56
3768	56
4154	56
0.095	56
5049	56
4776	55
75231	55
4748	55
13.13	55
2937	55
77057	55
-279	55
7971	55
4997	55
6475	55
8.92	55
12.34	55
6212	55
-235	55
5764	55
3664	55
0.345	55
666666	55
7047	55
8249	55
3662	55
8203	55
6051	55
77098	55
4831	55
92024	55
4083	55
4799	55
5524	55
7306	55
30.21	55
6255	55
5631	55
4258	55
3424	55
5219	55
90034	55
89.4	55
3129	55
9110	55
-952	55
3349	55
-278	55
-290	55
3559	55
5605	55
-236	55
15.45	55
55403	55
4348	55
8034	55
5354	55
4936	55
4847	55
90254	55
46.75	55
0.194	55
5905	55
15.56	55
2866	55
8873	55
3398	55
133.0	55
-2222	55
7751	55
5442	55
3685	55
5166	55
-204	55
86.6	55
0.185	55
3934	55
33410	55
85.6	55
7887	55
5261	55
5232	55
4144	55
5909	55
55905	55
92648	55
-273	55
68.99	55
12.36	55
8.72	55
77.9	55
20705	55
3492	55
20.45	55
11200	55
0.215	55
4968	55
-198	55
21045	55
3096	55
5321	55
9211	55
4633	55
5318	55
3794	55
-318	55
3394	55
0.202	55
3167	55
16.05	55
3984	55
7278	55
7748	55
5098	55
5723	55
5498	55
7041	55
5855	55
2687	55
6082	55
4390	55
4886	55
-364	55
4817	55
7420	55
89103	55
31000	55
-0.07	55
3282	55
254.96	55
75093	55
14.88	55
80210	55
4056	55
3786	55
4991	55
3912	55
5728	55
7726	55
4879	55
3643	55
3932	55
77007	55
3462	55
75038	55
4285	55
19.94	55
8515	55
3713	55
-284	55
8880	55
0.319	55
6161	55
2559	55
3186	55
3374	55
67202	55
13.01	55
5159	55
4763	55
4263	55
96753	54
3578	54
3354	54
7080	54
-224	54
0.261	54
-904	54
34741	54
91362	54
-176	54
3237	54
29000	54
4781	54
27.75	54
4754	54
3082	54
5695	54
90404	54
120.7	54
4277	54
4337	54
21230	54
4685	54
3774	54
11.42	54
5156	54
28723	54
4379	54
79.3	54
6604	54
3966	54
8753	54
4336	54
3837	54
7834	54
2008.0	54
-897	54
4962	54
8788	54
8204	54
13.85	54
10.93	54
9.66	54
0.088	54
5733	54
4842	54
30030	54
4084	54
3976	54
4624	54
0.241	54
0.236	54
5484	54
5657	54
5229	54
10.73	54
8081	54
4871	54
4878	54
-293	54
7976	54
-0.13	54
0.091	54
3441	54
28.25	54
75205	54
6275	54
3693	54
0.066	54
44114	54
4765	54
3469	54
8445	54
2897	54
3098	54
65201	54
3439	54
12.28	54
9.87	54
75034	54
8216	54
30092	54
-338	54
5437	54
7054	54
94114	54
5413	54
5313	54
4396	54
8.81	54
4538	54
81.9	54
75039	54
49503	54
0.367	54
4797	54
4976	54
10.1099	54
3759	54
11743	54
0.067	54
3841	54
9.46	54
-127	54
3764	54
4346	54
5755	54
-978	54
4292	54
-268	54
97204	54
4586	54
5633	54
5370	54
3385	54
7017	54
-986	54
10.43	54
91101	54
33716	54
4951	54
3461	54
4264	54
0.0025	54
-885	54
0.053	54
6999	54
-152	54
-296	54
3498	54
5046	54
4164	54
8121	54
3668	54
6261	54
3093	54
4478	54
2966	54
3898	54
4858	54
4245	54
-214	54
12.46	54
4932	54
32714	54
2869	53
19.13	53
4785	53
93117	53
3689	53
-237	53
2979	53
137.5	53
5835	53
0.408	53
9020	53
-142	53
90067	53
2853	53
3348	53
92705	53
95060	53
22203	53
6606	53
31.75	53
6004	53
3887	53
2958	53
4069	53
3453	53
4584	53
3738	53
8039	53
-2002	53
4159	53
4887	53
5502	53
-968	53
24.29	53
10.1073	53
5195	53
92130	53
90999	53
3273	53
2874	53
3396	53
4247	53
4764	53
3686	53
4559	53
-168	53
4889	53
5348	53
5368	53
6851	53
5424	53
4578	53
4733	53
3661	53
98405	53
3747	53
4517	53
8133	53
0.144	53
4493	53
0.217	53
7734	53
9.73	53
4969	53
2859	53
20091122	53
92627	53
15.09	53
5390	53
5490	53
102.4	53
7704	53
13.22	53
134.0	53
75220	53
4599	53
3882	53
-257	53
91.6	53
5074	53
3782	53
8021	53
0.228	53
11.31	53
5138	53
2971	53
5363	53
5254	53
6424	53
8555	53
11050	53
3241	53
4979	53
4248	53
37211	53
4934	53
9955	53
29.91	53
289.99	53
3654	53
9154	53
3337	53
5153	53
9290	53
5448	53
5422	53
3459	53
3543	53
33000	53
0.386	53
60654	53
4914	53
92651	53
94070	53
4513	53
75228	53
7380	53
-234	53
2993	53
15.39	53
61.99	53
4752	53
7505	53
3695	53
8721	53
32765	53
4683	53
239.95	52
319.99	52
4669	52
3576	52
4779	52
3179	52
6235	52
4898	52
3858	52
5556	52
0.249	52
12.93	52
3517	52
5805	52
5057	52
5158	52
3959	52
6018	52
4153	52
55414	52
3928	52
32835	52
5092	52
-244	52
-272	52
33308	52
0.077	52
31401	52
4982	52
9813	52
4497	52
5352	52
5494	52
17.79	52
8.68	52
4199	52
53711	52
30.18	52
18.89	52
95.99	52
6441	52
10020	52
9995	52
5468	52
4899	52
87.3	52
3688	52
4928	52
5319	52
5144	52
6430	52
7974	52
30.16	52
-172	52
-211	52
5452	52
17.13	52
0.219	52
90026	52
78205	52
9.61	52
5248	52
-0.06	52
5332	52
4946	52
32789	52
4573	52
3828	52
90014	52
6311	52
-585	52
3472	52
12.35	52
5367	52
3758	52
5481	52
5064	52
5818	52
7782	52
8859	52
5343	52
4837	52
6008	52
10301	52
-177	52
3977	52
3194	52
4729	52
5377	52
33132	52
7016	52
0.244	52
-141	52
4564	52
4734	52
3656	52
6304	52
5802	52
28607	52
0.127	52
29.93	52
-433	52
97232	52
7711	52
5599	52
98036	52
4668	52
5614	52
3296	52
18.15	52
12372	52
30.24	52
5072	52
316.63	52
4392	52
3254	52
-1.8	52
34236	52
0.358	52
5043	52
-902	52
3174	52
7802	52
5663	52
7631	52
5759	52
3494	52
5187	52
5124	52
5464	52
21228	52
-760	52
5554	52
5608	52
-109	52
2558	52
17701	52
5081	52
0.096	52
7724	52
-311	52
7620	52
4372	52
7928	52
9173	52
91335	52
4985	52
0.376	52
8004	52
5.125	52
33431	52
5069	52
90266	52
-650	52
5238	52
5535	52
5382	52
80676	51
5189	51
4194	51
-948	51
3861	51
3238	51
3981	51
5216	51
4987	51
32803	51
32118	51
6355	51
30062	51
80602	51
15.19	51
10701	51
4824	51
3684	51
-392	51
5753	51
2970942	51
6540	51
10.57	51
17110	51
0.242	51
-253	51
94901	51
4453	51
37000	51
36104	51
5534	51
8484	51
4576	51
37.75	51
4917	51
4593	51
8108	51
4623	51
-927	51
0.0469	51
2876	51
23510	51
10.53	51
4558	51
13.26	51
3779	51
0.1979	51
8621	51
50.11	51
64111	51
4286	51
4596	51
0.331	51
4758	51
-456	51
4813	51
78746	51
5921	51
4373	51
5435	51
5406	51
-137	51
12207	51
80226	51
-248	51
6331	51
30.11	51
5637	51
3473	51
8255	51
-178	51
19101	51
-879	51
33140	51
7880	51
3281	51
3958	51
220.96	51
4877	51
-0.11	51
5196	51
-345	51
5141	51
8055	51
5995	51
470.0	51
112.95	51
4869	51
0.081	51
3871	51
20024	51
4186	51
5267	51
6325	51
-924	51
10.54	51
6929	51
4541	51
-148	51
3857	51
5485	51
3381	51
21.49	51
6512	51
5149	51
5317	51
10117	51
3646	51
-263	51
6822	51
33.96	51
75062	51
3792	51
134.95	51
30060	51
90038	51
19087	51
6866	51
22.05	51
10.33	51
4174	51
4723	51
0.342	51
49423	51
4397	51
4289	51
-750	51
5369	51
85.3	51
4759	51
6263	51
13.88	50
7521	50
81.2	50
32207	50
-271	50
21278	50
98226	50
4257	50
-425	50
3893	50
8232	50
3671	50
-3.8	50
5612	50
10.46	50
98105	50
94541	50
6990	50
4977	50
5228	50
11215	50
4984	50
98353	50
3628	50
8755	50
4595	50
0.351	50
11.58	50
75080	50
3793	50
3482	50
4542	50
60608	50
4456	50
27710	50
94115	50
76107	50
6840	50
98115	50
46227	50
0.385	50
3863	50
3587	50
91505	50
3292	50
33065	50
2968	50
3586	50
35801	50
5831	50
13.21	50
94118	50
10601	50
5414	50
6155	50
80134	50
85210	50
84601	50
5067	50
4826	50
88.95	50
174.99	50
5059	50
60173	50
5194	50
4036	50
77024	50
6072	50
8505	50
6480	50
3937	50
7114	50
2977	50
0.117	50
2898	50
22902	50
20.97	50
7404	50
6065	50
0.184	50
5.875	50
66506	50
3289	50
5433	50
-262	50
5094	50
5295	50
-228	50
7624	50
5185	50
11.32	50
13.23	50
5867	50
72701	50
3674	50
15.74	50
5234	50
7795	50
5419	50
84111	50
8854	50
1110010	50
85233	50
3796	50
369.0	50
3598	50
5227	50
4916	50
4549	50
6674	50
3346	50
